Date,AAPL,Polarity,Subjectivity
2012-01-04,1,0.1041296897546898,0.41752886002886
2012-01-05,1,0.09016687223391133,0.44824844615347403
2012-01-06,1,0.08825493305144469,0.451205073995772
2012-01-09,0,0.06217769803296119,0.30808745348219024
2012-01-10,1,0.11535414293309025,0.38417755344071136
2012-01-11,0,0.09331409331409335,0.42167937882223605
2012-01-13,0,0.1013817372415638,0.43347604707431336
2012-01-26,0,0.09690458104075989,0.4283224423874828
2012-01-27,1,0.04359749670619232,0.37930928853754936
2012-01-30,1,0.10170454545454546,0.4581439393939393
2012-01-31,1,0.12760788477769608,0.35888848049225425
2012-02-02,0,0.00817498758072529,0.43509376552409357
2012-02-03,1,0.0691950113378685,0.27397959183673465
2012-02-07,1,0.13721338689559032,0.43982683982683973
2012-02-09,1,0.1211312100597815,0.4340730433587579
2012-02-10,1,0.1391522366522366,0.343109668109668
2012-02-13,1,0.07396262333762335,0.38725326381576414
2012-02-14,1,0.10279661696328372,0.4206178183955964
2012-02-15,0,0.06547262235581015,0.36075728432169507
2012-02-16,1,0.10359167893961706,0.3523024054982818
2012-02-17,0,0.1152359307359307,0.3359179550608124
2012-02-21,1,0.0707848537582757,0.40910720877498286
2012-02-22,0,0.03962544572048703,0.4474571571679015
2012-02-23,1,0.08382238068881906,0.4336127748456517
2012-02-24,1,0.12284353989048322,0.4064043046957896
2012-02-27,1,0.09186502220393065,0.3657972328923033
2012-02-28,1,0.055516445360195336,0.41923458485958476
2012-02-29,1,0.019876146580692033,0.38815691883873765
2012-03-02,1,0.06532258064516129,0.3209677419354839
2012-03-05,0,0.09677919883243082,0.4458258988582184
2012-03-06,0,0.10142327796919634,0.4330805724887358
2012-03-07,1,0.12999488177285998,0.47351981652523184
2012-03-08,1,0.14162823855437476,0.4025886871966418
2012-03-09,1,0.07873655722421155,0.4156779137643335
2012-03-12,1,0.07736798019332264,0.3849639515735406
2012-03-13,1,0.08339833113746159,0.4319574000878348
2012-03-14,1,0.06736859476221177,0.3686387046759386
2012-03-15,0,0.12363241837843425,0.42097023162760283
2012-03-16,1,0.09660210479175989,0.41075656862294846
2012-03-19,1,0.12543248509531402,0.43398529924023316
2012-03-20,1,0.12004312195172392,0.4304881329343701
2012-03-21,0,0.08079755892255892,0.4420875420875421
2012-03-22,0,0.14243909685086142,0.47527683249608393
2012-03-23,0,0.14680611423974255,0.44343289945059866
2012-03-26,1,0.08754402528688247,0.41754585308871095
2012-03-27,1,0.05055358875274127,0.39094567547957415
2012-03-28,1,0.06213386613386619,0.43168511488511496
2012-03-29,0,0.08027088052451431,0.3845251390244122
2012-03-30,0,0.09540209537477297,0.40034329766570237
2012-04-02,1,0.09058788433788434,0.4680666555666558
2012-04-03,1,0.0833437483019073,0.39920370772881236
2012-04-04,0,0.06995489341234021,0.3377409351877438
2012-04-05,1,0.12850176108240619,0.40731485360517644
2012-04-10,0,0.08847002492457041,0.39278079496261326
2012-04-11,0,0.0836038511705772,0.41691212652511594
2012-04-12,0,0.17466478948779873,0.5459006332900144
2012-04-13,0,0.09191568462401796,0.423825865492532
2012-04-16,0,0.05333128992219897,0.421603245239609
2012-04-17,1,0.10321379583638768,0.43894250816317365
2012-04-18,0,0.07391923687917752,0.37794965337992065
2012-04-19,0,0.09178920937419523,0.4215304501919232
2012-04-20,0,0.07747668997668998,0.3506701631701631
2012-04-23,0,0.10361119649581187,0.41836671875133413
2012-04-24,0,0.13240364357864368,0.4573996676934183
2012-04-25,1,0.12183072919953368,0.42586712688024575
2012-04-26,0,0.10982295783926214,0.3951301687442992
2012-04-27,0,0.12009012775008032,0.39346057904707227
2012-04-30,0,0.0648026936026936,0.38581144781144777
2012-05-01,0,0.14285317758458266,0.46532085912251236
2012-05-02,1,0.13918549783549783,0.4029865800865801
2012-05-03,0,0.12002991700443923,0.46560750820305
2012-05-04,0,0.11683585858585861,0.48296212121212145
2012-05-07,1,0.09112572263515663,0.44073375262054515
2012-05-08,0,-0.013951828895010718,0.39191708754208765
2012-05-09,1,0.04356060606060607,0.4766504329004328
2012-05-10,1,0.05522968538892106,0.4514485620536573
2012-05-14,0,0.0710270379338176,0.385137207425343
2012-05-15,0,0.0077995867768595045,0.23319559228650136
2012-05-16,0,0.12035377658477955,0.4895925165682008
2012-05-17,0,0.07112708322199067,0.4058257842980067
2012-05-18,1,0.030909090909090903,0.27818181818181814
2012-05-21,1,0.06007501119570085,0.41062257426481585
2012-05-22,0,0.031132906445406457,0.420463413900914
2012-05-23,1,0.03271943573667711,0.43406478578892366
2012-05-24,0,-0.008034511784511787,0.3602068302068303
2012-05-29,1,0.1352813297813298,0.4046951936951938
2012-05-30,1,0.12499381981453694,0.46682117130324297
2012-05-31,0,0.10518787878787879,0.4577818181818182
2012-06-01,0,0.06563218390804598,0.4439463601532568
2012-06-04,1,0.135,0.43999999999999995
2012-06-05,0,-0.125,0.32708333333333334
2012-06-06,1,0.127194001022126,0.3900955236892738
2012-06-07,1,0.13159446441987768,0.38885974562627473
2012-06-08,1,0.14785671565276834,0.4775988266119851
2012-06-11,0,0.13755338592423905,0.5296676138500788
2012-06-12,1,0.12760981240981234,0.45752049062049044
2012-06-13,0,0.05426118326118328,0.40180031845549097
2012-06-14,0,0.08875324675324672,0.35736933242196406
2012-06-15,1,0.1006755193659956,0.4863228658466754
2012-06-18,1,0.09083809180237755,0.47202656338370613
2012-06-19,1,0.11373496409210695,0.4672270436556159
2012-06-20,0,0.10856281348490984,0.40158781256514964
2012-06-21,0,0.10936461807773279,0.4185140515222482
2012-06-22,1,0.06823953823953824,0.3496608946608947
2012-06-25,0,0.10137202046924268,0.3860022179466622
2012-06-26,1,0.10183877950006982,0.42477431170979546
2012-06-27,1,0.1248769276830501,0.47465814608671747
2012-06-28,0,0.18246665388731814,0.508424840841815
2012-06-29,1,0.18895103495943832,0.4263653946427054
2012-07-02,1,0.14619207952541288,0.4472863556196888
2012-07-03,1,0.027560854920480635,0.3677951593860688
2012-07-05,1,0.08991235461034118,0.4386415690945895
2012-07-06,0,0.017843980343980347,0.309029484029484
2012-07-09,1,0.07995570321151714,0.49450719822812833
2012-07-10,0,0.07620456080562464,0.43563239065898635
2012-07-12,0,0.14103809523809527,0.48814444444444405
2012-07-13,1,0.12669467641435606,0.42984519104084346
2012-07-16,1,0.1250237049881935,0.43478004476584026
2012-07-17,1,-0.0023760330578512434,0.28467895740623017
2012-07-18,0,0.05639360898706692,0.36812494099877285
2012-07-19,1,0.06955357142857141,0.3750595238095237
2012-07-20,0,0.09033469109418474,0.4452857081971011
2012-07-23,0,0.040504333027567264,0.37155763691079763
2012-07-24,0,0.08001116460168173,0.3826092265014682
2012-07-25,0,0.05703775376731357,0.3992900286296515
2012-07-26,0,0.06553243397429445,0.38689739588576827
2012-07-27,1,0.06445547383719423,0.38002697223127335
2012-07-30,1,0.08834972984409072,0.42146600266901046
2012-07-31,1,0.1412646130037435,0.41995851370851406
2012-08-01,0,0.1414456224048061,0.464746178991077
2012-08-02,1,0.056161255411255405,0.3774264069264068
2012-08-03,1,0.07193113303578419,0.44587273622157386
2012-08-06,1,0.107675450495614,0.4563795226874249
2012-08-07,0,0.06605801894220603,0.40836659690223187
2012-08-08,0,0.0824165354847173,0.38421618785255124
2012-08-09,1,0.058389954416444484,0.37460006880536684
2012-08-10,1,0.09328816621499547,0.45316006035518247
2012-08-13,1,0.111243894993895,0.39531135531135536
2012-08-14,1,0.1526311383928571,0.4337760416666668
2012-08-15,0,0.06247801294312925,0.37711136731485584
2012-08-16,1,0.0863223059519355,0.4108995822421752
2012-08-17,1,0.09769292141305788,0.36218825258927667
2012-08-20,1,0.1128610609405312,0.43759549133721337
2012-08-21,0,0.13008887178340062,0.4322042631465126
2012-08-22,1,0.09493151670968573,0.4120044001382033
2012-08-23,0,0.12969887023545557,0.5301510928096296
2012-08-24,1,0.09233589375650654,0.3791694903672622
2012-08-27,1,0.07689452097746483,0.42928606829307764
2012-08-28,0,0.12238518494706616,0.443923624505308
2012-08-29,0,0.12328563411896742,0.43844476511143166
2012-08-30,0,0.0675721726190476,0.38624479166666675
2012-08-31,1,0.03447670951497484,0.397682988779928
2012-09-04,1,0.06340833151317025,0.4529437527824624
2012-09-05,0,0.12784956709956716,0.4476002664002659
2012-09-06,1,0.14784669802720354,0.4559713822078446
2012-09-07,1,0.0808007192460318,0.42542552846459164
2012-09-21,1,0.12546783224600117,0.40708569599414707
2012-09-24,0,0.08947860248869216,0.4326379425258352
2012-09-25,0,0.1071199704688077,0.47334330011074227
2012-09-26,0,-0.05639730639730641,0.3811447811447812
2012-09-27,1,0.09156306656306654,0.4504856254856257
2012-09-28,0,0.13973967118400896,0.5366075340739453
2012-10-02,1,0.05967362702656821,0.4269981610209317
2012-10-03,1,0.04753218272955114,0.32687473345368095
2012-10-04,0,0.09253607503607499,0.4461425479282626
2012-10-05,0,0.10131703258739086,0.4320515532241916
2012-10-09,0,0.0,0.05045045045045045
2012-10-10,1,-0.04246411483253588,0.30867224880382765
2012-10-11,0,0.09326967729240461,0.3938256099960645
2012-10-12,1,0.10899621834104586,0.4294937962645881
2012-10-15,1,0.16052071961854564,0.42967902628772214
2012-10-16,1,0.06816464200593407,0.4242950167809723
2012-10-17,0,0.042276144907723856,0.44843928001822725
2012-10-18,0,0.06799802662385449,0.42251304435079284
2012-10-19,0,-0.01109307359307359,0.4140151515151514
2012-10-22,1,0.13349503234670695,0.4171636391253618
2012-10-23,0,0.10688846953287391,0.4533940628164455
2012-10-24,1,0.06201664632993176,0.3986112017844516
2012-10-25,0,0.07094947996283309,0.4707857630335377
2012-10-26,0,0.05198240842977688,0.4300868044086664
2012-10-31,0,0.08706162289063837,0.4297923924089727
2012-11-01,1,0.1438017593448305,0.4733368327469457
2012-11-02,0,0.12428154466616002,0.43834044872506456
2012-11-05,1,0.11801930193019301,0.4058205820582058
2012-11-06,0,0.10023382080104762,0.4093142525075298
2012-11-07,0,0.1292234209360192,0.4224120280419498
2012-11-08,0,0.07493094207379923,0.3891424448567304
2012-11-09,1,0.08465608465608465,0.5058201058201058
2012-11-12,0,0.14724236726236725,0.46512501424501457
2012-11-13,1,0.18640998859022115,0.48201785294808547
2012-11-16,1,0.0778505003253114,0.38689114971230854
2012-11-19,1,0.015859587780640408,0.41085794906847534
2012-11-20,0,0.03671948912015138,0.41545110518620454
2012-11-23,1,0.04065934065934066,0.26355311355311356
2012-11-26,1,0.04948456425729152,0.33782112248021345
2012-11-27,0,0.1883958633958634,0.4071308321308321
2012-11-28,0,0.14875283446712023,0.33757369614512456
2012-11-30,0,0.21356818181818182,0.516393939393939
2012-12-03,1,0.13664124503968253,0.47574714781746036
2012-12-04,0,-0.04958133971291866,0.43549641148325335
2012-12-05,0,0.08236034539764563,0.4337176189707275
2012-12-06,1,0.08840080278371423,0.44753175973112713
2012-12-07,0,0.08178683493349335,0.4737708145814578
2012-12-10,0,0.0881835188620903,0.47987590187590196
2012-12-11,1,0.08630523620277718,0.4460128214226576
2012-12-13,0,0.10355984766496139,0.4380174062049062
2012-12-14,0,0.08434223730814644,0.3844899153876432
2012-12-17,1,0.1550314350400557,0.41425110713041746
2012-12-18,1,0.06168096784168211,0.42528391251605524
2012-12-19,0,0.09809523809523807,0.5133650793650794
2012-12-20,0,0.1170376778909713,0.45933004121626897
2012-12-21,0,0.10568818116556819,0.4303865836843229
2012-12-24,1,0.040555555555555546,0.4227777777777778
2012-12-27,1,0.07832238349885408,0.4430858161446397
2012-12-28,0,0.05036656891495601,0.37631150211795367
2012-12-31,1,0.128720405109294,0.42027751055528834
2013-01-02,1,-0.043472771190162504,0.37618577075098797
2013-01-04,0,0.05979322917594524,0.3461981217228133
2013-01-07,0,0.06797885883629691,0.4102339808951379
2013-01-08,1,0.06824542861652234,0.4030568043068043
2013-01-09,0,0.1083853535353535,0.4630312049062051
2013-01-10,1,0.10699524444807466,0.40124407039501364
2013-01-11,0,0.22007153602898283,0.45414479137883373
2013-01-14,0,0.017412983270331972,0.4213666616764604
2013-01-15,0,0.0523661775316187,0.4122116649690182
2013-01-16,1,0.05753143490132333,0.3338789514904758
2013-01-18,0,0.019452879255037532,0.4338620013080444
2013-01-22,1,0.03486886941706219,0.39853943914184903
2013-01-23,1,0.11842542032882945,0.3553029756438847
2013-01-24,0,0.08690849314859868,0.4173121542778535
2013-01-25,0,0.10884224058769525,0.40260417158598977
2013-01-28,1,0.08334735089566016,0.41874223155624096
2013-01-29,1,0.03373731491938014,0.43656740300762065
2013-01-30,0,0.06853035303530354,0.4004302930293028
2013-01-31,0,0.052236223948552714,0.3722868937252502
2013-02-01,0,0.11625180375180375,0.3747238255571589
2013-02-04,0,0.09298786264904689,0.3547142762208552
2013-02-05,1,0.12673160173160172,0.379004329004329
2013-02-06,0,0.07818383838383838,0.4097239057239057
2013-02-07,1,0.11802197440240926,0.4244721437982307
2013-02-08,1,0.08538586482846058,0.4285219079312256
2013-02-11,1,0.0656132228205399,0.4041367331855135
2013-02-12,0,0.10885198564006515,0.4677595044151338
2013-02-13,0,0.10822685969425105,0.4057804494217535
2013-02-14,0,0.10262031552826524,0.4087235097538446
2013-02-15,0,0.10901495726495727,0.3546068376068374
2013-02-19,0,0.07385131072631075,0.41741781366781366
2013-02-20,0,0.038740271646212264,0.42539410790895926
2013-02-21,0,0.044625164758281585,0.4045771943304412
2013-02-22,1,0.09737916722452802,0.4419879948230463
2013-02-25,0,0.13063811188811184,0.3921937374366528
2013-02-26,1,0.11471543796170662,0.4318830133382371
2013-02-27,0,0.09259492176158844,0.4401994635327967
2013-02-28,0,0.11099086099086101,0.41575877825877816
2013-03-01,0,0.08995059983067369,0.3871937349243623
2013-03-04,0,0.04356984478935699,0.25620842572062086
2013-03-06,0,-0.020711129148629156,0.4788415404040405
2013-03-07,1,0.10228645765009395,0.4614014276968825
2013-03-12,0,0.10835646612106462,0.39794883137948867
2013-03-13,0,0.06504488158899925,0.451112490450726
2013-03-14,1,0.1265452308399235,0.42127152409973634
2013-03-15,1,0.0883092127922374,0.4245895054305551
2013-03-19,0,0.13374038896426954,0.479036635006784
2013-03-20,0,0.06646341463414634,0.3384146341463415
2013-03-21,1,0.07797587082397218,0.4152484154382891
2013-03-22,1,0.10252171520654017,0.4101051974398277
2013-03-25,1,0.01358257903712449,0.35430604748786565
2013-03-26,0,0.05346194503171247,0.466287878787879
2013-03-27,0,0.0019415040819150404,0.39687802684378043
2013-03-28,0,-0.00454545454545455,0.2848484848484848
2013-04-01,0,0.06855673694414154,0.36527868653822854
2013-04-02,1,0.0750113990126097,0.40673170655010854
2013-04-04,0,0.049038567493112944,0.4259820936639117
2013-04-05,0,0.08630223736659383,0.40962289086051473
2013-04-10,1,0.008101851851851853,0.3500578703703701
2013-04-11,0,0.03339710884353741,0.3115820687249259
2013-04-12,0,0.10903679653679653,0.38718885281385285
2013-04-15,0,0.04383949383949384,0.42317682317682326
2013-04-16,1,0.09297728841207108,0.35875337223163295
2013-04-17,0,-0.013226705682717416,0.36568599696165693
2013-04-18,0,0.0078023387090744595,0.33898341296009693
2013-04-19,0,0.060453050756789084,0.37265647125460216
2013-04-22,1,0.06855195160613876,0.36987773583832756
2013-04-23,1,0.09973036867504081,0.44406851004187065
2013-04-24,0,0.1307989743666826,0.4379502740700665
2013-04-25,1,0.11659561888728562,0.5109025773609109
2013-04-29,1,0.12069626310328792,0.42230808677089665
2013-04-30,1,0.08235073368190252,0.49142576038679964
2013-05-01,0,0.08481944724820376,0.395173646158102
2013-05-02,1,0.08657024793388428,0.32183195592286507
2013-05-03,1,0.005588023088023087,0.36514790764790767
2013-05-06,1,0.018267784225231034,0.42905652267354377
2013-05-07,0,0.11011860407352216,0.3376676602086438
2013-05-08,1,0.1199446386946387,0.343939393939394
2013-05-09,0,0.0006449553001277037,0.34983397190293736
2013-05-10,0,-0.07165862708719853,0.3959406307977736
2013-05-13,1,0.05462163241289454,0.41059923086622113
2013-05-14,0,0.029844611019107667,0.33406994198940526
2013-05-15,0,0.0704922622287892,0.3553011725466815
2013-05-16,1,0.12851815371478292,0.42561304592203464
2013-05-17,0,0.09506983539336479,0.4450159611630198
2013-05-20,1,0.0895776751765345,0.30858229223248235
2013-05-21,0,0.043261453039713904,0.31193975879193286
2013-05-22,1,0.03407558223899005,0.31913304068681225
2013-05-23,1,0.07582637340213096,0.3640842771145801
2013-05-28,0,0.08241006120316464,0.4189949494949494
2013-05-29,1,0.07263766870384518,0.4214836389101094
2013-05-31,0,0.10461692073066486,0.33031363055059737
2013-06-03,1,0.07864541255845602,0.40606733845864273
2013-06-04,0,0.010829564299713556,0.3866236996834012
2013-06-06,0,0.07708100972293114,0.44750824139470397
2013-06-07,1,0.01394230769230769,0.48846153846153845
2013-06-10,0,0.14669030078804493,0.42555725533169203
2013-06-11,0,0.16677057132590714,0.40829979638280023
2013-06-13,1,0.0691872476853021,0.4665049157500522
2013-06-18,0,0.1592405661309771,0.4701105773982488
2013-06-19,0,0.16632216775599137,0.4190257971875618
2013-06-20,0,0.05352068888654254,0.4599171154049203
2013-06-21,0,0.06614341614341614,0.3711097461097461
2013-06-24,0,-0.10833333333333334,0.3250000000000001
2013-06-25,1,0.20162496040544825,0.4820292773428663
2013-06-26,0,0.08956161315536315,0.3527532768157767
2013-06-27,0,0.059804845691942464,0.4733459014104175
2013-07-01,1,-0.025229978354978345,0.41237824675324664
2013-07-02,1,0.10104368811265366,0.37639175001243963
2013-07-03,1,0.07397180134680136,0.40054489337822685
2013-07-05,0,0.04097007489864634,0.29783990700657376
2013-07-08,0,0.1668081827592697,0.4828889045736871
2013-07-09,1,0.13367178276269182,0.5655726092089729
2013-07-10,0,0.06085307686292907,0.4143920556728438
2013-07-11,1,0.11217461096058216,0.4793575678917408
2013-07-12,0,0.18860389610389616,0.43796536796536784
2013-07-15,1,0.05873251414488527,0.33315209036858534
2013-07-17,1,0.05890151515151516,0.43049242424242423
2013-07-18,1,-0.0020453381743704333,0.3340031652934878
2013-07-19,0,0.051729864785420326,0.377236785847897
2013-07-22,1,-0.020736621534493866,0.41166989039329466
2013-07-23,0,0.038543625218065564,0.4062120280217298
2013-07-24,1,0.07938343241430584,0.38936738880262967
2013-07-25,0,0.0862393000742516,0.37014335448801483
2013-07-26,1,0.11220687617977199,0.40317235942057655
2013-07-29,1,0.19779575892857149,0.4505487351190475
2013-07-31,0,0.0719898240287851,0.37280384550514445
2013-08-01,1,0.07522427781861743,0.3585031582673091
2013-08-02,1,0.08745152995152991,0.5114637214637213
2013-08-05,1,0.04541179994010181,0.37868298891883784
2013-08-07,0,0.08476429758708243,0.4487275528035022
2013-08-08,0,0.07047788812494693,0.4812070282658518
2013-08-09,0,0.02851357151990064,0.36451673151040226
2013-08-12,1,0.04493467129862156,0.38525880350466024
2013-08-13,1,0.10456993119217392,0.4435141461887786
2013-08-14,1,0.05850181899477683,0.36841996422982337
2013-08-15,0,0.14452086160108532,0.4229215125670351
2013-08-16,1,0.043148148148148165,0.3887493987493987
2013-08-19,1,0.08671957671957672,0.4140913273521969
2013-08-20,0,0.06546459013931133,0.3712271413014906
2013-08-22,1,0.10511359011359026,0.4310857335582608
2013-08-23,0,-0.01508556624893262,0.36198129290951075
2013-08-27,0,0.06998826611984507,0.4211697425381638
2013-09-03,1,0.025753675753675744,0.36509984009984
2013-09-04,1,0.10407730364873229,0.42574834689120444
2013-09-05,0,0.07433707150242588,0.4638115690084192
2013-09-06,1,0.0969852595724689,0.451553240041612
2013-09-09,1,0.06148138952550721,0.3898698409433709
2013-09-10,0,0.06529152539513844,0.3785352155224628
2013-09-11,0,0.07985844607664568,0.4236376132021926
2013-09-12,1,0.11900968105563281,0.4412463648678093
2013-09-13,0,0.07340177638453496,0.4063567696671145
2013-09-16,0,0.06717524750947218,0.3916586992923899
2013-09-17,1,0.06735128690317373,0.4383308271044123
2013-09-18,1,0.07200211940836945,0.3791463834776339
2013-09-19,1,0.09846659534590561,0.4342694100280311
2013-09-20,0,0.045419905447529864,0.36686872673060583
2013-09-23,1,0.10713489635364636,0.4290756769272389
2013-09-24,0,0.03637861457714402,0.3451438049967463
2013-09-25,0,0.14827964233020402,0.47626077792370003
2013-09-26,1,0.15378292002003338,0.4792681106598634
2013-09-27,0,0.13941720916911757,0.4666353324368593
2013-10-01,1,0.1184467078620305,0.44714250802960487
2013-10-02,1,0.07142161738970255,0.44409671179883975
2013-10-03,0,0.07905345117845124,0.4066936026936028
2013-10-04,0,0.10178678464392751,0.3869903112760256
2013-10-07,1,0.09387351778656126,0.42921607378129123
2013-10-08,0,0.04320029563932004,0.4109386548410936
2013-10-09,1,0.04443023989898988,0.3545498737373738
2013-10-15,1,0.08058655710441427,0.39224653456796327
2013-10-16,1,0.08921888493317068,0.40712611498325807
2013-10-17,1,0.06835062582345193,0.4172095567476002
2013-10-18,1,0.2119306086070793,0.5576333078686021
2013-10-21,1,0.05423153417535438,0.40806822910755536
2013-10-22,0,0.10708139759969026,0.4513772744870312
2013-10-23,1,0.12661080854629245,0.4000006982265047
2013-10-24,1,0.09335947466382247,0.3689656599439208
2013-10-25,0,0.09893813677904587,0.36642518256154627
2013-10-28,1,0.05836720113125571,0.3804140630333133
2013-10-29,0,0.08662695954433602,0.42674715025652044
2013-10-30,1,0.1519610874652892,0.44771787502879934
2013-11-01,0,0.0,0.0
2013-11-04,1,0.1356695768662233,0.4220748864956184
2013-11-05,0,0.09470867879766189,0.40166238657764075
2013-11-06,0,0.0944142221414949,0.40369653074198536
2013-11-08,1,0.13871379938626785,0.3711310893747602
2013-11-11,0,0.04438631210059781,0.41456699649556783
2013-11-12,1,0.059126656172110714,0.3691715859897677
2013-11-13,1,0.09735077174809324,0.37150232125678545
2013-11-15,0,0.15122361285667715,0.5022234441186053
2013-11-18,0,0.09750909859848411,0.38937632277716067
2013-11-19,1,0.04876737967914438,0.3996461675579323
2013-11-20,0,0.020121212121212116,0.45984848484848484
2013-11-21,1,0.10804112554112555,0.42351562092525935
2013-11-22,0,0.05161083234946872,0.32313459268004724
2013-11-25,1,0.04372716302540865,0.3832874078488114
2013-11-26,1,0.05140845070422535,0.3887323943661971
2013-11-27,1,0.12151831207140947,0.43787961956103544
2013-11-29,1,0.0,0.0
2013-12-02,0,0.08888888888888886,0.3890277777777777
2013-12-03,1,0.04985335759248799,0.39454654202480327
2013-12-04,0,0.08014877584379654,0.3618346383906551
2013-12-05,1,0.05664707549686538,0.3982021596517398
2013-12-06,0,-0.07016129032258064,0.34704301075268823
2013-12-09,1,0.08232566501480976,0.36717290385053547
2013-12-10,0,0.11175595238095237,0.3965939153439154
2013-12-11,0,0.1708333333333333,0.4444444444444446
2013-12-12,0,0.10188028938028937,0.34735440449726157
2013-12-13,0,0.10887445887445886,0.4492063492063491
2013-12-16,1,0.044642857142857144,0.26785714285714285
2013-12-18,0,0.13315528034839416,0.4623353941467712
2013-12-20,1,0.10046250684181715,0.42991926655719787
2013-12-23,1,0.1590655663780662,0.48876798697334434
2013-12-24,0,0.07942528735632183,0.2222988505747126
2013-12-31,1,0.052847209867757816,0.37530663780663787
2014-01-02,0,0.14182954072166895,0.3969401322681209
2014-01-03,0,0.018822751322751314,0.2659788359788359
2014-01-06,1,0.0945088128857763,0.4564208275726601
2014-01-08,1,0.15020316804407705,0.4368262167125805
2014-01-09,0,-0.011999999999999997,0.32533333333333325
2014-01-10,0,0.13675213675213674,0.4692307692307692
2014-01-13,1,0.09796816087138668,0.38174486803519053
2014-01-14,1,0.04066107503607504,0.3915986790986789
2014-01-15,1,0.05669346965091642,0.4379890109890112
2014-01-16,0,0.04243484161341306,0.39794884216312804
2014-01-17,0,0.0509933833104565,0.3695746665258861
2014-01-21,1,0.026492882117882106,0.32026816933066915
2014-01-22,1,0.1592813882751642,0.4284395526096771
2014-01-23,1,0.11123740623740626,0.3949828724828723
2014-01-24,0,0.09549001184326306,0.36991263374391686
2014-01-27,1,0.06665494618416702,0.4405872344346378
2014-01-28,0,0.0619815059072872,0.4115737355092827
2014-01-29,0,0.07893558164300521,0.3590934926306109
2014-01-30,0,0.09248603992856866,0.3851125651700359
2014-02-03,1,0.07843434343434344,0.3826515151515152
2014-02-04,1,0.06431561447811449,0.3582510341510344
2014-02-05,1,0.1200876586185865,0.4686996279779787
2014-02-06,1,0.09199931374500336,0.41884035345242254
2014-02-07,1,0.1072148813718581,0.42712626735882553
2014-02-10,1,0.08074508570503992,0.4138247132983975
2014-02-11,1,0.07353535353535354,0.265858585858586
2014-02-12,0,0.032981652685042516,0.4448187719374162
2014-02-13,1,0.06767985545527919,0.4254377613911511
2014-02-14,0,0.06855790656811067,0.37369516349108167
2014-02-18,1,0.10944852249200061,0.4412029194637892
2014-02-20,0,0.21020202020202022,0.6435858585858585
2014-02-21,0,0.1555172511633186,0.43067756213823616
2014-02-24,1,0.15347486772486768,0.42604034391534373
2014-02-25,0,0.05085756634669678,0.36700192923019004
2014-02-26,0,0.07347443181818185,0.3886305465367963
2014-02-27,1,0.10261422102801418,0.41245116186495506
2014-02-28,0,0.12123302833530106,0.4322919126328219
2014-03-03,1,0.16818181818181818,0.35700245700245703
2014-03-04,1,0.11241949107802772,0.41546915144476115
2014-03-05,1,0.09368724643593752,0.33945570136669617
2014-03-06,0,0.0700474794023181,0.4816457198715264
2014-03-10,1,0.2212121212121212,0.425151515151515
2014-03-12,1,0.07346938775510203,0.3816326530612245
2014-03-14,0,0.13796603912882985,0.4698966408268733
2014-03-17,1,0.14368556701030927,0.4351374570446735
2014-03-18,1,0.02674120234604106,0.26682551319648096
2014-03-24,1,0.050675220897823656,0.4083455148352407
2014-03-25,1,0.2045454545454545,0.38089225589225584
2014-03-26,0,0.13077286470143615,0.33674414210128495
2014-03-27,0,0.17272134038800707,0.48910405643738963
2014-03-28,0,0.11250600734506316,0.3989735181366082
2014-03-31,0,0.08513456937799044,0.43813026885395306
2014-04-01,1,0.09095959595959598,0.47181521093285816
2014-04-02,1,0.06735552844084165,0.3763813232603734
2014-04-03,0,0.07916666666666666,0.4345726495726494
2014-04-04,0,-0.08125,0.19375
2014-04-07,0,0.0575693913929208,0.247803666921314
2014-04-08,0,0.03992431179931176,0.41524170274170286
2014-04-09,1,0.11923153731189447,0.4362431393011751
2014-04-10,0,0.18157894736842106,0.312280701754386
2014-04-11,0,0.10430782646609989,0.3783426765081442
2014-04-14,1,0.13408824472549966,0.4123841826292806
2014-04-15,0,0.07335482804232808,0.45124007936507937
2014-04-17,1,0.06524347180597177,0.3816611860361862
2014-04-21,1,0.036764705882352956,0.37217194570135737
2014-04-23,0,0.1256304843804844,0.40551055926055946
2014-04-24,1,0.08566322806929748,0.41077802335750313
2014-04-25,1,0.12719446918905417,0.45852578228029484
2014-04-28,1,0.08039401391514069,0.4636460852658038
2014-04-29,0,0.09814106042518299,0.449134018256581
2014-04-30,0,0.1546158867587439,0.41583350511921974
2014-05-01,1,0.051383878467211805,0.3530072550905883
2014-05-02,1,0.1332673836580087,0.3900579455266955
2014-05-05,1,0.08329121639023841,0.3551149034339748
2014-05-06,0,0.016799717606169218,0.4011703052025632
2014-05-07,0,0.10382653061224482,0.3263528138528139
2014-05-08,0,0.04216937229437231,0.31054870129870127
2014-05-09,0,0.05878688619073233,0.41025961218268936
2014-05-12,1,0.07395984967413535,0.43180581323438444
2014-05-14,1,0.032170261512366786,0.3940069238753448
2014-05-15,0,0.10924242424242425,0.37928030303030297
2014-05-16,1,0.10124338624338625,0.33967372134038804
2014-05-20,1,0.16419211419211419,0.45831578331578327
2014-05-21,1,0.11636002886002886,0.41621572871572887
2014-05-23,1,0.12824754901960786,0.5088235294117647
2014-05-27,1,0.04041902541902543,0.37618104118104095
2014-05-28,0,0.12099357042395016,0.4130630902149889
2014-05-29,1,0.13838231015420419,0.45125254582484753
2014-06-02,0,0.12803196596876898,0.43567712543548986
2014-06-03,1,0.07587412587412587,0.2509906759906759
2014-06-05,1,0.035,0.19685897435897437
2014-06-06,0,0.06946455184160102,0.33059222198566457
2014-06-09,1,0.031582844148289185,0.31284837907874574
2014-06-10,1,0.021190693728382167,0.2944475624877635
2014-06-11,0,0.052002985995679124,0.34176519780382036
2014-06-13,0,0.09715254044201414,0.37398919376362977
2014-06-17,0,0.10969438521677329,0.4270530464560313
2014-06-18,1,0.17868316540882903,0.519822753451072
2014-06-19,0,0.08093967710903191,0.45935967780725884
2014-06-20,0,0.034345333029543554,0.33303049289891407
2014-06-23,0,0.10549676375404528,0.37540360610263546
2014-06-24,0,0.03522349957298939,0.3432181905396191
2014-06-25,1,0.03746141401427745,0.31736081955244955
2014-06-26,1,0.0489795918367347,0.3744897959183674
2014-06-27,1,0.08140321280027163,0.38256525337407676
2014-07-01,1,-0.024571011317999273,0.3762778386272362
2014-07-02,0,0.10077576877145844,0.4574767689207345
2014-07-07,1,0.03825532591661623,0.39863938928455045
2014-07-09,1,0.00040944821059543066,0.3994285935012516
2014-07-10,0,-0.004013718397280051,0.3830803139022316
2014-07-11,1,0.021814738292011027,0.3722107438016529
2014-07-15,0,0.09552009998979698,0.3203127624339744
2014-07-16,0,0.12024797938092725,0.4178087134445515
2014-07-17,0,0.008043434343434342,0.37959292929292926
2014-07-18,1,0.09449110671936761,0.40766359244620104
2014-07-21,0,0.11369785272770348,0.44907055630936227
2014-07-22,1,0.12498232791739275,0.4067395288693992
2014-07-23,1,0.089508559622196,0.38790243576769573
2014-07-24,0,0.08733096627528185,0.4404490881637054
2014-07-25,1,0.10273534041715861,0.46376498753771467
2014-07-28,1,0.009515484515484516,0.24052780552780545
2014-07-29,0,0.07292173971861472,0.33906452922077934
2014-07-30,0,0.12880420585161967,0.4021562608847092
2014-07-31,0,0.02655367231638418,0.35918079096045197
2014-08-01,1,0.15590543035395982,0.4625798425430776
2014-08-05,0,0.05000628580174036,0.33904740041103654
2014-08-06,0,0.031664175386148484,0.3232685600398606
2014-08-07,0,0.08008888652331278,0.38070878574976935
2014-08-08,1,0.06583228768011377,0.3781091975657194
2014-08-11,1,-0.024425891568748716,0.3379416615130901
2014-08-12,0,0.09637903951936648,0.37012322524584146
2014-08-13,1,0.0034268327301114235,0.28934692356823505
2014-08-15,1,0.05293800825342883,0.35234582395797337
2014-08-19,1,0.11477053661343696,0.4052785733903559
2014-08-22,1,0.042281776603810536,0.39239997290844764
2014-08-25,1,0.0004877751356624587,0.4056109383574171
2014-08-26,0,0.0856634607866135,0.4094819766987254
2014-08-27,1,0.11236058059587474,0.41167812579577273
2014-08-28,1,0.16819440249672807,0.40127185476022664
2014-08-29,1,0.17803234501347714,0.3822465270578478
2014-09-03,0,0.05852071452197397,0.41798343274413824
2014-09-04,0,0.06739605812113371,0.3523187436933663
2014-09-05,1,0.06866050859471906,0.4490755930229615
2014-09-08,0,0.1317105240621561,0.46250649778839714
2014-09-09,0,0.13577017441175568,0.44148957689136337
2014-09-10,1,0.11853708440829634,0.3853342862244381
2014-09-11,1,0.13508928228509962,0.4116436452225435
2014-09-12,1,0.15573655812786252,0.5042104272539054
2014-09-15,0,0.14183242196400095,0.3858344725449989
2014-09-16,0,0.03626091422701593,0.39496340523882895
2014-09-17,1,0.16039997127674857,0.3909751543874763
2014-09-18,1,0.11653852813852815,0.41906493506493503
2014-09-19,0,0.12025503881406648,0.40424471233499043
2014-09-22,1,0.14926738152441446,0.4222133649243625
2014-09-23,1,0.059375,0.571875
2014-09-24,0,0.0484682806905029,0.40850462294906736
2014-09-25,0,0.12389963033221463,0.4438344317979152
2014-09-26,1,0.06321833642547936,0.4164615646258506
2014-09-29,0,0.04090506125080593,0.3446687620889749
2014-09-30,1,0.09664146653254532,0.3862240963278312
2014-10-01,0,0.040699655282988606,0.32212201378868044
2014-10-03,0,0.16318739853896103,0.49709229572510816
2014-10-06,0,0.16404771419057135,0.4374818276961131
2014-10-07,0,0.07061818181818183,0.439060606060606
2014-10-08,1,0.09614621249569338,0.4251119699216581
2014-10-09,1,0.12607017596600928,0.39160121514288143
2014-10-10,0,0.10926039276449105,0.4688564016432863
2014-10-13,0,0.0949869574869575,0.4089563214563214
2014-10-14,0,0.09164439744592415,0.3900858457347011
2014-10-15,0,0.12376761117670206,0.47379102715466365
2014-10-16,0,0.1079907566228321,0.4420813367275633
2014-10-20,1,0.07850111785144687,0.3746585925039875
2014-10-21,1,0.14222827481160805,0.4512191758858423
2014-10-22,1,0.0756088518132314,0.36476740817981695
2014-10-23,1,0.09728346491233092,0.41190059272533514
2014-10-24,1,0.13851060205226876,0.4053431907598575
2014-10-27,0,0.04385342072257959,0.4090570644308958
2014-10-28,1,0.056537855620424404,0.36692614215549996
2014-10-29,1,0.13970347978968667,0.4292324932411141
2014-10-30,0,0.15881409405182428,0.41779564930638596
2014-10-31,1,0.19895822915624892,0.44712637930459675
2014-11-03,1,0.09719522694160372,0.399363686501368
2014-11-04,0,0.0845751954763583,0.3527045790127186
2014-11-05,1,0.20227272727272722,0.44090909090909086
2014-11-06,1,0.06607366771159875,0.35866509926854734
2014-11-07,1,0.14166666666666675,0.5169191919191922
2014-11-10,0,0.07638601099275256,0.42008463446665706
2014-11-11,1,-0.02091821577115693,0.3688969527204822
2014-11-12,1,0.06656698564593302,0.28438995215311
2014-11-13,1,0.06433566433566434,0.6734265734265734
2014-11-14,1,0.04446022727272727,0.6315340909090909
2014-11-17,0,0.1278333133923586,0.37491476139717367
2014-11-19,0,0.15363503455608724,0.4320972886762364
2014-11-20,1,0.062274531024531045,0.35137310606060607
2014-11-21,1,0.08178661944116485,0.4871671520398788
2014-11-25,0,0.08038996131408584,0.3882412507509783
2014-12-01,0,0.04242616153226621,0.4177946617336154
2014-12-02,0,0.055509548171885845,0.4001706302355653
2014-12-04,0,0.06754298941798939,0.4727050264550266
2014-12-08,0,0.10362903225806451,0.35954301075268824
2014-12-09,1,0.04927849927849928,0.2901265401265401
2014-12-10,0,-0.05213068181818184,0.4798295454545454
2014-12-11,0,0.11439393939393942,0.4585820032384915
2014-12-12,0,0.05581721372860609,0.41561752242132
2014-12-15,0,0.10602802215705444,0.3869867687071985
2014-12-16,0,0.07166218637992831,0.38653673835125446
2014-12-17,1,0.11198832812756866,0.48204970135349884
2014-12-18,1,0.06436120865305416,0.3173217150041186
2014-12-23,0,0.13321280991735532,0.423350197782016
2014-12-29,0,0.06521248062140256,0.3857094186276347
2014-12-30,0,0.015833333333333335,0.33
2015-01-05,0,0.1333098061358931,0.46086015433841515
2015-01-06,1,0.0529138608305275,0.40062850729517396
2015-01-07,1,0.06081780538302278,0.3549171842650103
2015-01-09,1,0.1318008327550312,0.5164122137404579
2015-01-12,0,-0.025685425685425676,0.3268488455988456
2015-01-13,1,0.1125044992460723,0.3440911522933993
2015-01-14,0,0.08423789048789049,0.3815490815490812
2015-01-15,0,0.07084243564488797,0.3722318084579664
2015-01-16,0,0.051388888888888894,0.2513888888888889
2015-01-20,1,0.0,0.0
2015-01-21,1,0.1040909090909091,0.43085858585858594
2015-01-26,1,0.10520833333333335,0.24479166666666666
2015-01-27,0,0.08982450403313716,0.3792135555624765
2015-01-28,1,0.04210245656288825,0.38309582636920825
2015-01-29,1,0.05258374928748602,0.4084548725296057
2015-01-30,0,0.05982915088383835,0.3903188131313129
2015-02-02,1,0.027076737524498722,0.2966681742801146
2015-02-03,1,0.04124303785518739,0.3916867270839234
2015-02-05,1,0.10120382151632158,0.3491371241371236
2015-02-06,0,0.0,0.0
2015-02-09,1,-0.030695238095238095,0.35074285714285713
2015-02-10,1,0.08958500030774913,0.38979811657536795
2015-02-11,1,0.07845236079872961,0.36294033868056236
2015-02-12,1,0.03807627921085684,0.37271316873477994
2015-02-13,1,0.05878742992798293,0.3575099247910308
2015-02-17,1,0.13953240479327436,0.42303990212685855
2015-02-18,1,0.1264834877270112,0.4183665672266706
2015-02-19,0,0.08241472697994436,0.416772539055148
2015-02-20,1,0.08117099567099569,0.40368849512069854
2015-02-23,1,0.034022977629534996,0.3882122552614355
2015-02-24,0,0.10337559979428503,0.3620462908871215
2015-02-25,0,0.004416827191946798,0.42983339892430833
2015-02-26,1,0.07260599189170615,0.40165410175614225
2015-02-27,0,0.06484067311134978,0.34815610454708185
2015-03-02,1,0.08710979337021005,0.4103930291673351
2015-03-03,1,0.04848484848484848,0.35158529741863054
2015-03-04,0,0.025345724191063176,0.4420351823317923
2015-03-05,0,0.10972030733879078,0.43788956698909315
2015-03-06,1,0.11394529068399395,0.4350147702112342
2015-03-09,1,0.12048053924766246,0.4616136271860344
2015-03-10,0,0.07884168160683322,0.37353989935429344
2015-03-11,0,0.1128685286213168,0.4149456058192115
2015-03-12,1,0.1635673234811166,0.46706138688897303
2015-03-13,0,0.06908938377059187,0.4335895508294838
2015-03-16,1,0.13033207376427716,0.39948486071367456
2015-03-17,1,0.13098689332286612,0.4685373851889696
2015-03-18,1,0.09516650591780125,0.37018295463891315
2015-03-19,0,0.10955558203264627,0.39554787719925333
2015-03-20,0,0.15782820767195777,0.46676256613756656
2015-03-23,1,0.10994791666666669,0.34135416666666674
2015-03-24,0,0.027958152958152967,0.4002832815332815
2015-03-26,1,0.14022186147186158,0.3401094143951289
2015-03-27,0,0.1445979401861755,0.40733808674985167
2015-03-30,1,0.059854096520763185,0.32218855218855225
2015-04-02,1,0.05421732522796353,0.32928064842958443
2015-04-08,0,0.07237718882757053,0.4434832724527384
2015-04-09,1,0.04280262518230433,0.39354885755955277
2015-04-10,1,0.12799468124468133,0.44146610796610847
2015-04-13,0,0.05498431343936963,0.4140085070983946
2015-04-14,0,0.09087481962481961,0.3686038961038962
2015-04-15,1,0.09568460917226354,0.41928341320316614
2015-04-16,0,0.04534470743515113,0.38757659481208984
2015-04-17,0,0.14642857142857144,0.47976190476190483
2015-04-21,0,0.13182772607969462,0.43717728465759936
2015-04-22,1,0.08464651930561022,0.455019622633259
2015-04-23,1,0.1136001878320314,0.45486589760332774
2015-04-24,1,0.0916712509311788,0.41827230531201687
2015-04-27,1,0.045449113225276006,0.40705163215337664
2015-04-28,0,0.11447630373502474,0.4523852625088093
2015-04-29,0,0.1015873015873016,0.37093690872316826
2015-04-30,0,0.04193856459870696,0.3646835943811038
2015-05-01,1,0.04090512972865914,0.43539215686274507
2015-05-04,0,0.16801242236024846,0.41454451345755694
2015-05-05,0,0.11367521367521369,0.33055555555555555
2015-05-06,0,0.046270838149819055,0.3814878018301586
2015-05-08,1,0.1884615384615384,0.40886752136752114
2015-05-11,0,0.0354694854302184,0.39900219472209025
2015-05-12,0,0.0889814814814815,0.32972222222222225
2015-05-13,1,0.20469308469308464,0.5386635586635585
2015-05-14,1,0.11417575062153378,0.42557611397972817
2015-05-15,0,0.15656204906204904,0.4041646328066081
2015-05-18,1,0.13129490110944117,0.4358497865471163
2015-05-19,0,0.13584269566412435,0.42313054009482615
2015-05-20,0,0.1733002776209296,0.48091379634858
2015-05-21,1,0.0732683309956038,0.37330113489204425
2015-05-26,0,0.0924955697324119,0.40240740740740727
2015-05-27,1,0.019193207586064725,0.48280766852195417
2015-05-28,0,0.0936134453781513,0.3723249299719886
2015-05-29,0,0.0019751082251082243,0.2930330086580086
2015-06-01,1,0.35,0.55
2015-06-02,0,0.08461904761904761,0.40352380952380956
2015-06-03,1,-0.0017171717171717146,0.3402020202020201
2015-06-04,0,0.22279684601113164,0.5310064935064932
2015-06-05,0,0.14253793760587238,0.4789191605495957
2015-06-08,0,0.14197711034347837,0.41108053640023
2015-06-09,0,0.1048938519393065,0.4619687551505731
2015-06-10,1,0.13903884258361862,0.483470633843768
2015-06-11,0,0.02777135466159856,0.3434732340829903
2015-06-12,0,0.09707219712654494,0.38771276428885115
2015-06-15,0,0.17884615384615385,0.3826923076923078
2015-06-16,1,-0.001716141001855287,0.42937023294166154
2015-06-17,0,0.13683559804393136,0.4396046977713645
2015-06-18,1,0.19570286195286218,0.4935527497194173
2015-06-22,1,0.08074866310160432,0.5118092691622103
2015-06-23,0,0.1690966266437965,0.4712999264886057
2015-06-24,1,0.15781385281385282,0.3930435305435305
2015-06-25,0,0.05628641536660404,0.4201485883089657
2015-06-26,0,0.11800000000000002,0.44000000000000006
2015-06-30,1,0.15284632034632037,0.43050835314919816
2015-07-01,1,-0.01567398119122257,0.4217506631299735
2015-07-06,0,0.20056818181818184,0.4321022727272727
2015-07-08,0,0.07167113889023988,0.42961698725743697
2015-07-09,0,0.08677394695251843,0.3214699718271146
2015-07-10,1,0.010727969348658996,0.3654214559386972
2015-07-13,1,0.0942596428792748,0.3941731070565427
2015-07-14,0,0.1138485515625927,0.383232731879992
2015-07-15,1,0.23181818181818184,0.5193939393939394
2015-07-16,1,0.09647393149178864,0.4121195801552944
2015-07-20,1,0.07325590155700654,0.4192185668843128
2015-07-21,0,0.06318207236906437,0.42327322933014006
2015-07-22,0,-0.0016542452256737992,0.4118413795199511
2015-07-23,0,0.07235763125763131,0.4254677655677659
2015-07-24,0,0.12194198933782269,0.44057190494690485
2015-07-27,0,0.15602617079889805,0.3222757881848789
2015-07-28,1,0.03772401433691756,0.3651433691756273
2015-07-30,0,0.056254186890550506,0.3815950850496303
2015-07-31,0,0.1843818460579823,0.5004510609340159
2015-08-03,0,0.04195357056964198,0.38280646602075175
2015-08-04,0,0.049707952146375786,0.390494858863086
2015-08-05,1,0.0327889185977421,0.44215314913844334
2015-08-06,1,0.10676739415218682,0.4369546352265248
2015-08-10,1,0.15092329545454544,0.4444839015151515
2015-08-11,0,0.05491769455810551,0.3903952687343099
2015-08-12,1,0.05728792087542093,0.3762802609427617
2015-08-13,0,0.0955672599005932,0.4316471460638125
2015-08-14,1,0.12403626428216591,0.4610171385991057
2015-08-17,1,0.05034562211981567,0.2963133640552996
2015-08-19,0,0.03001893939393939,0.48494318181818175
2015-08-20,0,0.04823905261405262,0.37816787379287364
2015-08-21,0,0.06175132749024375,0.3627712558377583
2015-08-24,0,0.05588142899274287,0.4110149197922921
2015-08-25,1,0.0998973021026593,0.4539008194186765
2015-08-26,1,0.10378562409812411,0.4160804473304472
2015-08-27,1,0.08774387712743884,0.3887505188875051
2015-08-28,1,0.02142857142857143,0.530952380952381
2015-08-31,0,0.026502267573696146,0.3029195011337869
2015-09-01,0,0.042588200992310574,0.44807336575144835
2015-09-02,1,0.11859811709326275,0.36211238599588114
2015-09-03,0,0.09788002305665348,0.4041024374176549
2015-09-08,1,0.07306443556443555,0.3895188145188145
2015-09-09,0,0.09248132244099967,0.4199155304617186
2015-09-10,1,0.06328124339630618,0.3581647792003443
2015-09-11,1,0.14279935275080904,0.4144979615853402
2015-09-14,1,0.1201177093515803,0.38767758227435634
2015-09-15,1,0.11653730285309236,0.3707123870281766
2015-09-16,1,0.12543436293436294,0.42174619674619684
2015-09-17,0,0.041369305297876725,0.38874046588332306
2015-09-18,0,0.05156188905180841,0.4498747556207232
2015-09-21,1,0.07133519799104215,0.43000449766683535
2015-09-22,0,0.09817220427626526,0.4142860439053333
2015-09-23,1,0.10967831668068637,0.4290998680098212
2015-09-24,1,0.09691711301880788,0.407606154942717
2015-09-25,0,0.10499578562662665,0.4317473129155376
2015-09-28,0,0.1539912658080359,0.41400972905631284
2015-09-29,0,0.11866426619737878,0.4449888852868986
2015-09-30,1,0.10293719316065687,0.45774114154002443
2015-10-01,0,0.06919015354754797,0.3557005416336403
2015-10-02,1,0.07324487107095803,0.43477672689629204
2015-10-05,1,0.1278409090909091,0.4428030303030303
2015-10-06,1,0.05430105654243587,0.4393858121444329
2015-10-08,0,0.03671274961597541,0.3400153609831029
2015-10-09,1,0.03449184430197089,0.36128417995506595
2015-10-13,1,0.09347760473258486,0.3996199042214979
2015-10-14,0,0.11832405689548546,0.40307565450422606
2015-10-15,1,0.08973454785954788,0.3618401274651274
2015-10-16,0,0.18241640304140314,0.3998933011433012
2015-10-19,1,0.07607359307359304,0.4439982433025914
2015-10-20,1,0.0731293974225009,0.4238568577016849
2015-10-21,0,0.02693660506160506,0.4261821511821513
2015-10-22,1,0.10789884135472377,0.40002228163992876
2015-10-23,1,0.0988274582560297,0.3889637188208619
2015-10-26,0,0.1616272218707746,0.4518895979855867
2015-10-27,0,0.12726773911959083,0.441931374523967
2015-10-28,1,0.08545411358237964,0.40288486731004564
2015-10-29,1,0.13583610073336108,0.4233222637332224
2015-10-30,0,0.10835648148148148,0.3357407407407407
2015-11-02,1,0.15962121212121214,0.4138636363636364
2015-11-05,0,0.041190476190476194,0.29095238095238096
2015-11-09,0,0.08559565434565437,0.3737727550227549
2015-11-10,0,0.03909493746993746,0.45255940355940355
2015-11-11,0,0.0666120902906617,0.36309982477839614
2015-11-12,0,0.17489795918367346,0.4312244897959184
2015-11-16,1,0.032432659932659924,0.28161856661856655
2015-11-17,0,0.09316239316239315,0.3728632478632478
2015-11-18,1,0.054190443394988845,0.4011257051029778
2015-11-19,1,0.07032016594516595,0.35374909812409794
2015-11-20,1,0.07991060682237151,0.37696809454162405
2015-11-23,0,0.14405277262420121,0.3727685013399299
2015-11-24,1,0.08842873176206512,0.3518406285072952
2015-11-25,0,0.09727272727272726,0.33924242424242423
2015-12-02,0,0.09723353324915829,0.36608322811447797
2015-12-04,1,0.04541265186426476,0.4890099148163664
2015-12-08,0,0.19068896512292732,0.4415103868877456
2015-12-09,0,0.06164786033638494,0.44761758391881357
2015-12-10,1,0.10229700854700854,0.549465811965812
2015-12-11,0,0.08565223665223666,0.3977243867243867
2015-12-14,0,0.11373471716567952,0.4975831839011756
2015-12-15,0,0.08815308547661486,0.4093290892114421
2015-12-16,1,0.08319220239780986,0.38056452374209404
2015-12-17,0,0.06384316700164913,0.3891245683879613
2015-12-18,0,0.008586362860556411,0.47090672469704753
2015-12-21,1,0.10703082286933215,0.3833103663072608
2015-12-22,0,0.045039333426430204,0.36901829353442256
2015-12-23,1,0.08750284802916383,0.40062561707298555
2015-12-24,0,0.16539772727272728,0.4298674242424241
2015-12-28,0,0.05851866883116883,0.36571699134199137
2015-12-30,0,-0.04780023739701155,0.3987479053204858
2015-12-31,0,0.1315626932591218,0.3957525510204082
2016-01-04,1,0.04660834879406309,0.3610672850958567
2016-01-05,0,0.08328447518664907,0.40206811003006665
2016-01-06,0,0.09425346943865459,0.3821376017672315
2016-01-07,0,-0.017995362939183166,0.3891430354913501
2016-01-08,1,0.05250229125229127,0.4504871429871432
2016-01-11,1,0.031571443602693594,0.27086700336700337
2016-01-14,1,-0.0375,0.33125
2016-01-15,0,0.10517172778202194,0.42107970460911615
2016-01-19,0,0.045454545454545456,0.26136363636363646
2016-01-20,1,0.09051640677916191,0.3397261610271815
2016-01-22,1,0.04986173767752717,0.39564485076327255
2016-01-25,0,0.10008037305831426,0.4536642687377981
2016-01-26,1,0.09391928168336623,0.43514839034205277
2016-01-27,0,0.09695162390975193,0.421990648924147
2016-01-28,1,0.06003228143109095,0.4126004661123713
2016-01-29,1,0.058293851210517875,0.32822009780343114
2016-02-01,0,0.1151169716028207,0.2984863145240506
2016-02-02,0,0.14142833868640312,0.41857375599311103
2016-02-03,1,0.37878787878787873,0.48484848484848486
2016-02-04,1,0.12846358320042536,0.46310055441634396
2016-02-05,0,-0.08205627705627706,0.41358225108225105
2016-02-08,1,0.06106681432262826,0.3822609819121445
2016-02-12,1,0.056610056610056615,0.46620133338883335
2016-02-16,1,0.0004638617396349313,0.23624202258222882
2016-02-17,1,0.04454064454064453,0.46602328676981497
2016-02-18,0,0.12880310194139982,0.4741886954652912
2016-02-19,0,0.07849382404023125,0.46526028030519057
2016-02-22,1,0.07501906823335393,0.3863524570667423
2016-02-23,0,0.047619047619047616,0.39914353323444235
2016-02-24,1,0.03971480863682696,0.45951851410567024
2016-02-25,1,0.03706398594791452,0.47528962026729876
2016-02-26,1,0.0787881784144243,0.4351942677108788
2016-02-29,0,0.07383720930232557,0.4755813953488371
2016-03-01,1,0.1018059432779058,0.46478334749362826
2016-03-02,1,0.1313131313131313,0.5073232323232322
2016-03-03,1,0.05471013151535719,0.3538365672332421
2016-03-04,1,0.06885398858262604,0.38875263689351436
2016-03-07,0,0.06853867623604468,0.40861941786283884
2016-03-08,0,0.06901515151515154,0.3629671717171715
2016-03-09,1,0.05072957808017568,0.4091375910499417
2016-03-10,1,0.1521359857074143,0.4460075814837719
2016-03-11,1,0.02509076386871914,0.4032045696582435
2016-03-15,1,0.004088258680095413,0.4362854492446331
2016-03-16,1,0.057241358901515146,0.34576484713203476
2016-03-17,0,0.016917256859785595,0.37918221625118187
2016-03-18,1,0.13055055505550556,0.41533903390339033
2016-03-21,0,0.10552038894653898,0.419955705446021
2016-03-22,1,0.044691294362862975,0.4602663351535903
2016-03-23,0,0.12398964376515398,0.44933426588528624
2016-03-24,0,0.1757450084410869,0.4488396570749512
2016-03-29,1,0.07418983015284038,0.3905797221485998
2016-03-30,1,0.010134067453459086,0.4041811009016333
2016-03-31,0,0.0263310654313839,0.42005694146617734
2016-04-04,1,0.045883880331554744,0.34004329004329004
2016-04-06,1,-0.018518518518518528,0.362962962962963
2016-04-07,0,0.06063576945929886,0.43637849079025554
2016-04-08,1,0.05128318101651439,0.4938122494789161
2016-04-13,1,0.42058823529411754,0.6794117647058824
2016-04-14,1,0.04895629767058337,0.3816101834673268
2016-04-15,0,0.04244926590164687,0.4177266428456906
2016-04-19,0,0.11665092483274304,0.44971664698937425
2016-04-20,1,0.18125,0.40267857142857144
2016-04-22,0,0.07160147991543343,0.44029950669485557
2016-04-25,0,-0.028124999999999997,0.20625
2016-04-26,0,0.025315692401785113,0.3675787751615568
2016-04-27,0,0.05050397608089923,0.42552469610161947
2016-04-28,0,0.04961808266716244,0.3993742950982214
2016-04-29,0,0.04503196904105996,0.4198095762823038
2016-05-03,1,0.0,0.0
2016-05-04,0,0.05785840128863385,0.3490176683781334
2016-05-05,0,-0.016979137166053065,0.3776205985084489
2016-05-06,0,0.03635814668423366,0.3971398770311817
2016-05-09,1,0.09622365872365872,0.4342083967083966
2016-05-10,1,-0.053309692671394786,0.34444444444444444
2016-05-12,0,0.012710072525690749,0.3772417778654223
2016-05-13,1,0.09824584777772023,0.38607841361825423
2016-05-16,1,0.04565951725042634,0.37328971533516997
2016-05-17,0,0.10384717031775864,0.45998234674705285
2016-05-18,1,0.052680285738137,0.3821950317818087
2016-05-19,0,0.12320746480410347,0.39830659536541896
2016-05-20,1,0.1373677248677249,0.4137693325193323
2016-05-24,1,0.10036994949494954,0.4462020202020205
2016-05-25,1,0.04519233562857726,0.4473466689909645
2016-05-26,1,0.05098204264870931,0.4421917588584255
2016-06-01,0,0.06953305594082287,0.37800725883250136
2016-06-02,0,0.08688925403864428,0.40670643719424215
2016-06-03,1,0.03273550724637681,0.39715579710144927
2016-06-06,1,0.05097787397787398,0.38473929773929766
2016-06-07,1,0.001101190476190479,0.38863095238095235
2016-06-08,0,0.1075,0.37675925925925924
2016-06-09,1,0.14003362708719852,0.449368042671614
2016-06-10,0,0.07225480612577387,0.43482870176418553
2016-06-13,0,0.09647196030757675,0.42308367431655103
2016-06-14,1,0.1304420511737585,0.47320856650124954
2016-06-17,0,0.0951388545970296,0.3830052288227195
2016-06-20,0,0.06694833488951138,0.4245666044195457
2016-06-21,1,0.0035130718954248354,0.32173202614379076
2016-06-22,0,0.004270482603815932,0.5090291806958472
2016-06-28,1,0.02833333333333334,0.24833333333333335
2016-06-30,1,-0.1222222222222222,0.5916666666666667
2016-07-01,1,0.010599235599235604,0.4243447993447992
2016-07-05,0,0.10202380952380953,0.4160317460317461
2016-07-06,1,0.08222610722610722,0.3302836052836053
2016-07-08,1,0.10982142857142857,0.49910714285714286
2016-07-12,1,0.06249999999999999,0.3520833333333334
2016-07-13,0,0.011559139784946234,0.4008064516129033
2016-07-15,0,0.1490277777777778,0.3895138888888887
2016-07-20,1,0.1428088578088578,0.40334790209790217
2016-07-21,0,0.002840909090909093,0.4131410256410255
2016-07-22,0,0.17039473684210527,0.44473684210526304
2016-07-25,0,0.03888888888888889,0.17222222222222222
2016-07-26,0,0.039627284752284754,0.373196488696489
2016-07-27,1,0.07918149321634581,0.44360700068474923
2016-07-28,1,0.07386102403343785,0.4386945238669375
2016-07-29,0,0.03187830687830688,0.4097883597883597
2016-08-01,1,0.036233651100672386,0.38763689324859535
2016-08-02,0,0.001206401206401203,0.3757299507299505
2016-08-03,1,-0.05095899470899472,0.2416931216931217
2016-08-04,1,0.034068627450980396,0.560049019607843
2016-08-15,1,0.10651515151515158,0.4326126869385296
2016-08-16,0,0.08984530620894259,0.4105605001059546
2016-08-17,0,0.04348967005217007,0.33780484561734575
2016-08-18,0,0.058773784355179694,0.3526427061310782
2016-08-19,1,0.1878072340882259,0.4842590604987299
2016-08-22,0,0.005583788192483838,0.3326596712466278
2016-08-23,1,0.1921854912764004,0.4770156106519741
2016-08-24,0,0.04100529100529101,0.38552188552188543
2016-08-25,0,0.03730027548209364,0.3817731029301277
2016-08-26,0,0.06703504828504828,0.22366383616383614
2016-08-29,0,0.03007246376811595,0.18381642512077295
2016-08-30,0,0.0550842194718033,0.3408567942124991
2016-08-31,1,0.06875454030096882,0.37128399299113574
2016-09-01,1,0.027863364322380724,0.4003053249118825
2016-09-02,1,0.06208137100994245,0.41576399790685503
2016-09-07,1,0.11804675233920515,0.4024962790528829
2016-09-08,0,0.053140027478818457,0.3963459714089441
2016-09-09,0,-0.125,0.29500000000000004
2016-09-13,1,0.19181096681096674,0.4645021645021644
2016-09-14,1,0.07002354304619116,0.3903360886113501
2016-09-15,1,0.06404001850566737,0.4438744588744589
2016-09-16,0,0.09552189456324796,0.3813702546409314
2016-09-20,0,0.03862540100163862,0.40873779685660866
2016-09-21,0,0.09715099715099715,0.4213236905544598
2016-09-23,0,0.19119318181818182,0.45235690235690235
2016-09-26,1,0.11136549255008558,0.41009254714923293
2016-09-27,1,0.13718535415733693,0.4136217470269191
2016-09-28,1,0.25427466150870404,0.4882441435632922
2016-09-29,0,-0.046338383838383845,0.40368686868686865
2016-10-03,0,0.10780303030303032,0.44587121212121206
2016-10-05,1,0.09726720375060628,0.4497152916240053
2016-10-06,1,0.037358525009127404,0.4030759401241328
2016-10-07,1,0.16165165479681606,0.422505003956617
2016-10-10,1,0.06737100737100739,0.4528583128583128
2016-10-11,1,0.08414529914529915,0.48333333333333317
2016-10-12,1,0.09617931896282413,0.36624492346141824
2016-10-13,0,0.10427115987460818,0.2875130616509927
2016-10-19,0,0.02319819819819821,0.3705705705705704
2016-10-20,0,0.08272374911909798,0.38406624383368554
2016-10-21,0,-0.06666666666666667,0.5333333333333333
2016-10-25,1,0.08081503503190253,0.3463528573167125
2016-10-26,0,0.04355045995670997,0.4380650703463209
2016-10-27,0,0.1159928670592178,0.42810091435683856
2016-10-28,0,0.09239304812834227,0.35763368983957217
2016-10-31,0,0.060773622928795346,0.35232422749664133
2016-11-01,0,0.021047008547008545,0.3559829059829059
2016-11-07,1,0.11663380379133802,0.4098087034730871
2016-11-08,1,-0.03461538461538462,0.28846153846153844
2016-11-09,0,-0.19166666666666665,0.5166666666666666
2016-11-10,0,-0.16666666666666669,0.3974358974358974
2016-11-11,1,0.08819444444444445,0.45555555555555555
2016-11-14,0,-0.03476939726939726,0.2831252081252081
2016-11-15,1,0.07578124999999998,0.45726495726495736
2016-11-16,1,-0.030729166666666675,0.3427083333333333
2016-11-17,0,0.1953703703703704,0.5407407407407407
2016-11-21,1,-0.1326388888888889,0.35347222222222224
2016-11-28,0,0.11428571428571427,0.3825396825396826
2016-11-29,0,0.10870426008485709,0.4626314315866556
2016-11-30,0,0.13844246031746027,0.294593253968254
2016-12-06,1,0.1420723209539,0.45450624667729916
2016-12-07,1,0.10035923044806296,0.41238227085942825
2016-12-12,0,0.14015151515151514,0.40883838383838383
2016-12-13,1,0.21875,0.4500000000000001
2016-12-16,1,0.12819817977298287,0.45047124791219284
2016-12-19,1,-0.0008840960626675003,0.30343898165326744
2016-12-20,1,-0.021270442520442526,0.4436640211640211
2016-12-22,0,0.10632212933937073,0.4005352374317891
2016-12-30,0,-0.07013888888888889,0.16597222222222224
