,GOOG,Polarity,Subjectivity
2012-01-03,0.0,0.08903076608300485,0.4357281503736729
2012-01-04,0.004313175852880269,0.08903076608300485,0.4357281503736729
2012-01-05,-0.013871474206469947,0.08903076608300485,0.4357281503736729
2012-01-06,-0.013641662343098049,0.08903076608300485,0.4357281503736729
2012-01-09,-0.042398707439881944,0.08903076608300485,0.4357281503736729
2012-01-10,0.0010924849884987875,0.08903076608300485,0.4357281503736729
2012-01-11,0.004525436171816111,0.08903076608300485,0.4357281503736729
2012-01-12,0.0058789732413273565,0.08903076608300485,0.4357281503736729
2012-01-13,-0.007385165261807991,0.08903076608300485,0.4357281503736729
2012-01-17,0.005744101983657934,0.08903076608300485,0.4357281503736729
2012-01-18,0.006888561933840798,0.08903076608300485,0.4357281503736729
2012-01-19,0.010522825989964346,0.08903076608300485,0.4357281503736729
2012-01-20,-0.08377507296627307,0.08903076608300485,0.4357281503736729
2012-01-23,-0.0008020900517878848,0.08903076608300485,0.4357281503736729
2012-01-24,-0.007839110040683939,0.08903076608300485,0.4357281503736729
2012-01-25,-0.01969255608536702,0.08903076608300485,0.4357281503736729
2012-01-26,-0.0024408122985192238,0.08903076608300485,0.4357281503736729
2012-01-27,0.020911803745613078,0.08903076608300485,0.4357281503736729
2012-01-30,-0.003948387494247418,0.08903076608300485,0.4357281503736729
2012-01-31,0.00418907609380148,0.08903076608300485,0.4357281503736729
2012-02-01,0.0012410991372853175,0.08903076608300485,0.4357281503736729
2012-02-02,0.0073688008521557435,0.08903076608300485,0.4357281503736729
2012-02-03,0.01917588088294475,0.08903076608300485,0.4357281503736729
2012-02-06,0.021397530724057257,0.08903076608300485,0.4357281503736729
2012-02-07,-0.0038089671022378813,0.08903076608300485,0.4357281503736729
2012-02-08,0.005076130642585497,0.08903076608300485,0.4357281503736729
2012-02-09,0.0026399205144529425,0.08903076608300485,0.4357281503736729
2012-02-10,-0.009076572619088341,0.08903076608300485,0.4357281503736729
2012-02-13,0.010381024761846325,0.08903076608300485,0.4357281503736729
2012-02-14,-0.003985556022822467,0.08903076608300485,0.4357281503736729
2012-02-15,-0.0068879730137336725,0.08903076608300485,0.4357281503736729
2012-02-16,0.0015853183396283832,0.08903076608300485,0.4357281503736729
2012-02-17,-0.0030996584360027946,0.08903076608300485,0.4357281503736729
2012-02-21,0.015480226743321834,0.08903076608300485,0.4357281503736729
2012-02-22,-0.009869680323265961,0.08903076608300485,0.4357281503736729
2012-02-23,-0.0030101902395973656,0.08903076608300485,0.4357281503736729
2012-02-24,0.006253042932632846,0.08903076608300485,0.4357281503736729
2012-02-27,-0.0009674248513156236,0.08903076608300485,0.4357281503736729
2012-02-28,0.014902082040015197,0.08903076608300485,0.4357281503736729
2012-02-29,-0.00022637431806760144,0.08903076608300485,0.4357281503736729
2012-03-01,0.006712525476884723,0.08903076608300485,0.4357281503736729
2012-03-02,-0.0018476620538455668,0.08903076608300485,0.4357281503736729
2012-03-05,-0.0112676327393616,0.08903076608300485,0.4357281503736729
2012-03-06,-0.015124136433036672,0.08903076608300485,0.4357281503736729
2012-03-07,0.003041525080851315,0.08903076608300485,0.4357281503736729
2012-03-08,0.0005603412867023483,0.08903076608300485,0.4357281503736729
2012-03-09,-0.011348267493997644,0.08903076608300485,0.4357281503736729
2012-03-12,0.008163182727533025,0.08903076608300485,0.4357281503736729
2012-03-13,0.02087094148444879,0.08903076608300485,0.4357281503736729
2012-03-14,-0.00289748951690183,0.08903076608300485,0.4357281503736729
2012-03-15,0.008344265164660358,0.08903076608300485,0.4357281503736729
2012-03-16,0.0062949549564150775,0.08903076608300485,0.4357281503736729
2012-03-19,0.014303087713027463,0.08903076608300485,0.4357281503736729
2012-03-20,-0.0007728803283875152,0.08903076608300485,0.4357281503736729
2012-03-21,0.010244825355244958,0.08903076608300485,0.4357281503736729
2012-03-22,0.009484720838220495,0.08903076608300485,0.4357281503736729
2012-03-23,-0.00535562648540866,0.08903076608300485,0.4357281503736729
2012-03-26,0.01048872445468696,0.08903076608300485,0.4357281503736729
2012-03-27,-0.0035574450499736843,0.08903076608300485,0.4357281503736729
2012-03-28,0.013508043128231728,0.08903076608300485,0.4357281503736729
2012-03-29,-0.011208396672191645,0.08903076608300485,0.4357281503736729
2012-03-30,-0.01105776103531153,0.08903076608300485,0.4357281503736729
2012-04-02,0.008857779425925916,0.08903076608300485,0.4357281503736729
2012-04-03,-0.0066468690410314,0.08903076608300485,0.4357281503736729
2012-04-04,-0.01162424754443181,0.08903076608300485,0.4357281503736729
2012-04-05,-0.004455678697807053,0.08903076608300485,0.4357281503736729
2012-04-09,-0.00234051427200177,0.08903076608300485,0.4357281503736729
2012-04-10,-0.0063090657629346625,0.08903076608300485,0.4357281503736729
2012-04-11,0.014516735874567921,0.08903076608300485,0.4357281503736729
2012-04-12,0.023665066604526164,0.08903076608300485,0.4357281503736729
2012-04-13,-0.04056776684291019,0.08903076608300485,0.4357281503736729
2012-04-16,-0.02966700616845086,0.08903076608300485,0.4357281503736729
2012-04-17,0.005774924747494303,0.08903076608300485,0.4357281503736729
2012-04-18,-0.0034778225185684297,0.08903076608300485,0.4357281503736729
2012-04-19,-0.01341674501077228,0.08903076608300485,0.4357281503736729
2012-04-20,-0.005406315987403487,0.08903076608300485,0.4357281503736729
2012-04-23,0.0025836187738548233,0.08903076608300485,0.4357281503736729
2012-04-24,0.006141258520445003,0.08903076608300485,0.4357281503736729
2012-04-25,0.014053604761448124,0.08903076608300485,0.4357281503736729
2012-04-26,0.009430538907366337,0.08903076608300485,0.4357281503736729
2012-04-27,-0.0007961243491383385,0.08903076608300485,0.4357281503736729
2012-04-30,-0.016472064433543432,0.08903076608300485,0.4357281503736729
2012-05-01,-0.0006944281477562209,0.08903076608300485,0.4357281503736729
2012-05-02,0.004682140742334973,0.08903076608300485,0.4357281503736729
2012-05-03,0.006191663471904363,0.08903076608300485,0.4357281503736729
2012-05-04,-0.022994275633652306,0.08903076608300485,0.4357281503736729
2012-05-07,0.017722788319372684,0.08903076608300485,0.4357281503736729
2012-05-08,0.008624850437212395,0.08903076608300485,0.4357281503736729
2012-05-09,-0.005940041460952505,0.08903076608300485,0.4357281503736729
2012-05-10,0.007403768549131051,0.08903076608300485,0.4357281503736729
2012-05-11,-0.013737311858787682,0.08903076608300485,0.4357281503736729
2012-05-14,-0.002032276460306681,0.08903076608300485,0.4357281503736729
2012-05-15,0.011771497969683686,0.08903076608300485,0.4357281503736729
2012-05-16,0.029160092812106964,0.08903076608300485,0.4357281503736729
2012-05-17,-0.009349196288290229,0.08903076608300485,0.4357281503736729
2012-05-18,-0.03635343894805132,0.08903076608300485,0.4357281503736729
2012-05-21,0.022834794786932955,0.08903076608300485,0.4357281503736729
2012-05-22,-0.021673670269545364,0.08903076608300485,0.4357281503736729
2012-05-23,0.014414155486064395,0.08903076608300485,0.4357281503736729
2012-05-24,-0.009516687113555244,0.08903076608300485,0.4357281503736729
2012-05-25,-0.020094015640513274,0.08903076608300485,0.4357281503736729
2012-05-29,0.004750379945446248,0.08903076608300485,0.4357281503736729
2012-05-30,-0.01028037029019524,0.08903076608300485,0.4357281503736729
2012-05-31,-0.01252909613468478,0.08903076608300485,0.4357281503736729
2012-06-01,-0.01700921272054412,0.08903076608300485,0.4357281503736729
2012-06-04,0.013327890704132761,0.08903076608300485,0.4357281503736729
2012-06-05,-0.014137748745287393,0.08903076608300485,0.4357281503736729
2012-06-06,0.01781165831478959,0.08903076608300485,0.4357281503736729
2012-06-07,-0.004030479963986644,0.08903076608300485,0.4357281503736729
2012-06-08,0.003839340789953516,0.08903076608300485,0.4357281503736729
2012-06-11,-0.020587508459207093,0.08903076608300485,0.4357281503736729
2012-06-12,-0.005980698027291176,0.08903076608300485,0.4357281503736729
2012-06-13,-0.00709603488067001,0.08903076608300485,0.4357281503736729
2012-06-14,-0.00363582757269465,0.08903076608300485,0.4357281503736729
2012-06-15,0.0097666138506729,0.08903076608300485,0.4357281503736729
2012-06-18,0.01123101244510516,0.08903076608300485,0.4357281503736729
2012-06-19,0.018708870387263765,0.08903076608300485,0.4357281503736729
2012-06-20,-0.006912725422316135,0.08903076608300485,0.4357281503736729
2012-06-21,-0.02129836754520298,0.08903076608300485,0.4357281503736729
2012-06-22,0.011093216684408214,0.08903076608300485,0.4357281503736729
2012-06-25,-0.018863307272637964,0.08903076608300485,0.4357281503736729
2012-06-26,0.0070982936801315955,0.08903076608300485,0.4357281503736729
2012-06-27,0.008181577867329093,0.08903076608300485,0.4357281503736729
2012-06-28,-0.0087651653794808,0.08903076608300485,0.4357281503736729
2012-06-29,0.027927954628286678,0.08903076608300485,0.4357281503736729
2012-07-02,0.0006895597284497512,0.08903076608300485,0.4357281503736729
2012-07-03,0.012679387735792247,0.08903076608300485,0.4357281503736729
2012-07-05,0.013762523513319636,0.08903076608300485,0.4357281503736729
2012-07-06,-0.016680109391949194,0.08903076608300485,0.4357281503736729
2012-07-09,5.1226895594558286e-05,0.08903076608300485,0.4357281503736729
2012-07-10,-0.007354891868907143,0.08903076608300485,0.4357281503736729
2012-07-11,-0.018067749396828314,0.08903076608300485,0.4357281503736729
2012-07-12,-0.0012429981201583784,0.08903076608300485,0.4357281503736729
2012-07-13,0.010587592535405088,0.08903076608300485,0.4357281503736729
2012-07-16,-0.002775216200403996,0.08903076608300485,0.4357281503736729
2012-07-17,0.00314823103717643,0.08903076608300485,0.4357281503736729
2012-07-18,0.006987677107814783,0.08903076608300485,0.4357281503736729
2012-07-19,0.02117907288442522,0.08903076608300485,0.4357281503736729
2012-07-20,0.02994645869099144,0.08903076608300485,0.4357281503736729
2012-07-23,0.007678201698058329,0.08903076608300485,0.4357281503736729
2012-07-24,-0.012899852585519511,0.08903076608300485,0.4357281503736729
2012-07-25,0.0006912204481863693,0.08903076608300485,0.4357281503736729
2012-07-26,0.00883242741222956,0.08903076608300485,0.4357281503736729
2012-07-27,0.03521587122355263,0.08903076608300485,0.4357281503736729
2012-07-30,-0.004189269711245447,0.08903076608300485,0.4357281503736729
2012-07-31,0.0010595985442525269,0.08903076608300485,0.4357281503736729
2012-08-01,-0.0004580994055753962,0.08903076608300485,0.4357281503736729
2012-08-02,-0.0062117013118463404,0.08903076608300485,0.4357281503736729
2012-08-03,0.020007945450629894,0.08903076608300485,0.4357281503736729
2012-08-06,0.0023232968177360203,0.08903076608300485,0.4357281503736729
2012-08-07,-0.0035468681712957917,0.08903076608300485,0.4357281503736729
2012-08-08,0.002638344777985413,0.08903076608300485,0.4357281503736729
2012-08-09,0.00018687338709555412,0.08903076608300485,0.4357281503736729
2012-08-10,-0.0005448759374531154,0.08903076608300485,0.4357281503736729
2012-08-13,0.028052964996891694,0.08903076608300485,0.4357281503736729
2012-08-14,0.01310592068327976,0.08903076608300485,0.4357281503736729
2012-08-15,-0.0016750320664201679,0.08903076608300485,0.4357281503736729
2012-08-16,0.007984575539300431,0.08903076608300485,0.4357281503736729
2012-08-17,0.006345909659071447,0.08903076608300485,0.4357281503736729
2012-08-20,-0.002362831370472107,0.08903076608300485,0.4357281503736729
2012-08-21,-0.008926229986032652,0.08903076608300485,0.4357281503736729
2012-08-22,0.011456138293643559,0.08903076608300485,0.4357281503736729
2012-08-23,-0.0005611816480317611,0.08903076608300485,0.4357281503736729
2012-08-24,0.002703923019159893,0.08903076608300485,0.4357281503736729
2012-08-27,-0.013866195910087198,0.08903076608300485,0.4357281503736729
2012-08-28,0.011999113140804152,0.08903076608300485,0.4357281503736729
2012-08-29,0.01588773474140437,0.08903076608300485,0.4357281503736729
2012-08-30,-0.00920040819418566,0.08903076608300485,0.4357281503736729
2012-08-31,0.005002274654277938,0.08903076608300485,0.4357281503736729
2012-09-04,-0.005911595768587685,0.08903076608300485,0.4357281503736729
2012-09-05,-0.0004698418797508541,0.08903076608300485,0.4357281503736729
2012-09-06,0.027441510215446607,0.08903076608300485,0.4357281503736729
2012-09-07,0.009651126194625048,0.08903076608300485,0.4357281503736729
2012-09-10,-0.007618796878568368,0.08903076608300485,0.4357281503736729
2012-09-11,-0.01224369607546072,0.08903076608300485,0.4357281503736729
2012-09-12,-0.0018924636926068716,0.08903076608300485,0.4357281503736729
2012-09-13,0.02194294552849163,0.08903076608300485,0.4357281503736729
2012-09-14,0.005155597890880603,0.08903076608300485,0.4357281503736729
2012-09-17,0.0004226512248630687,0.08903076608300485,0.4357281503736729
2012-09-18,0.011690523398443675,0.08903076608300485,0.4357281503736729
2012-09-19,0.01283618754829896,0.08903076608300485,0.4357281503736729
2012-09-20,0.0008522203663998695,0.08903076608300485,0.4357281503736729
2012-09-21,0.008061863752169662,0.08903076608300485,0.4357281503736729
2012-09-24,0.020967575251202186,0.08903076608300485,0.4357281503736729
2012-09-25,-0.0002935752354090715,0.08903076608300485,0.4357281503736729
2012-09-26,0.005739834653399667,0.08903076608300485,0.4357281503736729
2012-09-27,0.004034690109179451,0.08903076608300485,0.4357281503736729
2012-09-28,-0.002643783974066616,0.08903076608300485,0.4357281503736729
2012-10-01,0.009648763931209725,0.08903076608300485,0.4357281503736729
2012-10-02,-0.006287879871750723,0.08903076608300485,0.4357281503736729
2012-10-03,0.007278850573259721,0.08903076608300485,0.4357281503736729
2012-10-04,0.00727863712352006,0.08903076608300485,0.4357281503736729
2012-10-05,-0.0005207902104483741,0.08903076608300485,0.4357281503736729
2012-10-08,-0.012779273931103674,0.08903076608300485,0.4357281503736729
2012-10-09,-0.01814361231910988,0.08903076608300485,0.4357281503736729
2012-10-10,0.0006315857903775868,0.08903076608300485,0.4357281503736729
2012-10-11,0.009294087075673696,0.08903076608300485,0.4357281503736729
2012-10-12,-0.008955615443473564,0.08903076608300485,0.4357281503736729
2012-10-15,-0.00506209828988724,0.08903076608300485,0.4357281503736729
2012-10-16,0.005020388993668412,0.08903076608300485,0.4357281503736729
2012-10-17,0.014489037694075169,0.08903076608300485,0.4357281503736729
2012-10-18,-0.08006721868532218,0.08903076608300485,0.4357281503736729
2012-10-19,-0.019007245602647882,0.08903076608300485,0.4357281503736729
2012-10-22,-0.004576170913936695,0.08903076608300485,0.4357281503736729
2012-10-23,0.0024753995532114104,0.08903076608300485,0.4357281503736729
2012-10-24,-0.004482933444501569,0.08903076608300485,0.4357281503736729
2012-10-25,0.0006791240369941054,0.08903076608300485,0.4357281503736729
2012-10-26,-0.003850871883164686,0.08903076608300485,0.4357281503736729
2012-10-31,0.007627886878061707,0.08903076608300485,0.4357281503736729
2012-11-01,0.010715831700777612,0.08903076608300485,0.4357281503736729
2012-11-02,0.00047997956326506497,0.08903076608300485,0.4357281503736729
2012-11-05,-0.007210126957261864,0.08903076608300485,0.4357281503736729
2012-11-06,-0.0018155976923347472,0.08903076608300485,0.4357281503736729
2012-11-07,-0.021416493328136554,0.08903076608300485,0.4357281503736729
2012-11-08,-0.02222984811393014,0.08903076608300485,0.4357281503736729
2012-11-09,0.016465061325013686,0.08903076608300485,0.4357281503736729
2012-11-12,0.004328661247075427,0.08903076608300485,0.4357281503736729
2012-11-13,-0.010286894694416793,0.08903076608300485,0.4357281503736729
2012-11-14,-0.009862651549784163,0.08903076608300485,0.4357281503736729
2012-11-15,-0.00810668552046001,0.08903076608300485,0.4357281503736729
2012-11-16,-0.0001236161611365416,0.08903076608300485,0.4357281503736729
2012-11-19,0.03249483882957227,0.08903076608300485,0.4357281503736729
2012-11-20,0.002633889437146042,0.08903076608300485,0.4357281503736729
2012-11-21,-0.006119627745462708,0.08903076608300485,0.4357281503736729
2012-11-23,0.003153775186350405,0.08903076608300485,0.4357281503736729
2012-11-26,-0.010210074404875202,0.08903076608300485,0.4357281503736729
2012-11-27,0.014459641874224216,0.08903076608300485,0.4357281503736729
2012-11-28,0.019322832872831652,0.08903076608300485,0.4357281503736729
2012-11-29,0.012023385201122005,0.08903076608300485,0.4357281503736729
2012-11-30,0.009365572754069795,0.08903076608300485,0.4357281503736729
2012-12-03,-0.004467528174525781,0.08903076608300485,0.4357281503736729
2012-12-04,-0.006069734098855917,0.08903076608300485,0.4357281503736729
2012-12-05,-0.004645218399839557,0.08903076608300485,0.4357281503736729
2012-12-06,0.004812257436890288,0.08903076608300485,0.4357281503736729
2012-12-07,-0.01001259589657344,0.08903076608300485,0.4357281503736729
2012-12-10,0.0017684991177473464,0.08903076608300485,0.4357281503736729
2012-12-11,0.01671963006169319,0.08903076608300485,0.4357281503736729
2012-12-12,0.000975821107269903,0.08903076608300485,0.4357281503736729
2012-12-13,0.00736851600730648,0.08903076608300485,0.4357281503736729
2012-12-14,-0.00105309238319784,0.08903076608300485,0.4357281503736729
2012-12-17,0.02681069524121682,0.08903076608300485,0.4357281503736729
2012-12-18,0.0004022908131031677,0.08903076608300485,0.4357281503736729
2012-12-19,-0.001331279038106592,0.08903076608300485,0.4357281503736729
2012-12-20,0.003124494573105263,0.08903076608300485,0.4357281503736729
2012-12-21,-0.009316722537768385,0.08903076608300485,0.4357281503736729
2012-12-24,-0.008565889557318851,0.08903076608300485,0.4357281503736729
2012-12-26,-0.000887915843589604,0.08903076608300485,0.4357281503736729
2012-12-27,-0.0036396081382670253,0.08903076608300485,0.4357281503736729
2012-12-28,-0.008891504979011589,0.08903076608300485,0.4357281503736729
2012-12-31,0.010528406626733489,0.08903076608300485,0.4357281503736729
2013-01-02,0.022434890734480906,0.08903076608300485,0.4357281503736729
2013-01-03,0.0005807464794664874,0.08903076608300485,0.4357281503736729
2013-01-04,0.019760361621871336,0.08903076608300485,0.4357281503736729
2013-01-07,-0.00436328204861447,0.08903076608300485,0.4357281503736729
2013-01-08,-0.001973536677068899,0.08903076608300485,0.4357281503736729
2013-01-09,0.006573027589176439,0.08903076608300485,0.4357281503736729
2013-01-10,0.004552133859313301,0.08903076608300485,0.4357281503736729
2013-01-11,-0.0020094944934035963,0.08903076608300485,0.4357281503736729
2013-01-14,-0.02262192840739652,0.08903076608300485,0.4357281503736729
2013-01-15,0.00232290287618242,0.08903076608300485,0.4357281503736729
2013-01-16,-0.013435842394832531,0.08903076608300485,0.4357281503736729
2013-01-17,-0.00541112371617114,0.08903076608300485,0.4357281503736729
2013-01-18,-0.009573715738430244,0.08903076608300485,0.4357281503736729
2013-01-22,-0.002327909503109238,0.08903076608300485,0.4357281503736729
2013-01-23,0.054960424714147305,0.08903076608300485,0.4357281503736729
2013-01-24,0.017140926632732922,0.08903076608300485,0.4357281503736729
2013-01-25,-0.0007160347380703591,0.08903076608300485,0.4357281503736729
2013-01-28,-0.0039009036990457213,0.08903076608300485,0.4357281503736729
2013-01-29,0.003929564675249075,0.08903076608300485,0.4357281503736729
2013-01-30,0.0001989883781696733,0.08903076608300485,0.4357281503736729
2013-01-31,0.0024673638880894355,0.08903076608300485,0.4357281503736729
2013-02-01,0.026346838867747913,0.08903076608300485,0.4357281503736729
2013-02-04,-0.021377050900691752,0.08903076608300485,0.4357281503736729
2013-02-05,0.008853574364491967,0.08903076608300485,0.4357281503736729
2013-02-06,0.005785248101930263,0.08903076608300485,0.4357281503736729
2013-02-07,0.004907986116156504,0.08903076608300485,0.4357281503736729
2013-02-08,0.014755507587769001,0.08903076608300485,0.4357281503736729
2013-02-11,-0.0037562447744627914,0.08903076608300485,0.4357281503736729
2013-02-12,-0.002198286550144868,0.08903076608300485,0.4357281503736729
2013-02-13,0.0027667249049274645,0.08903076608300485,0.4357281503736729
2013-02-14,0.006335808104724006,0.08903076608300485,0.4357281503736729
2013-02-15,0.006435424356943997,0.08903076608300485,0.4357281503736729
2013-02-19,0.017606513414103242,0.08903076608300485,0.4357281503736729
2013-02-20,-0.017834837660598457,0.08903076608300485,0.4357281503736729
2013-02-21,0.0038740097536438256,0.08903076608300485,0.4357281503736729
2013-02-22,0.005254405044388344,0.08903076608300485,0.4357281503736729
2013-02-25,-0.011179051970935161,0.08903076608300485,0.4357281503736729
2013-02-26,-0.0008093684394971934,0.08903076608300485,0.4357281503736729
2013-02-27,0.012213164920181985,0.08903076608300485,0.4357281503736729
2013-02-28,0.0017755335630300628,0.08903076608300485,0.4357281503736729
2013-03-01,0.0062281682707878705,0.08903076608300485,0.4357281503736729
2013-03-04,0.018990535884821025,0.08903076608300485,0.4357281503736729
2013-03-05,0.020815566223008952,0.08903076608300485,0.4357281503736729
2013-03-06,-0.008609607153406307,0.08903076608300485,0.4357281503736729
2013-03-07,0.001467452605466102,0.08903076608300485,0.4357281503736729
2013-03-08,-0.001297094713139768,0.08903076608300485,0.4357281503736729
2013-03-11,0.003968615256791486,0.08903076608300485,0.4357281503736729
2013-03-12,-0.00863662880604088,0.08903076608300485,0.4357281503736729
2013-03-13,-0.0027790502911224646,0.08903076608300485,0.4357281503736729
2013-03-14,-0.004567980234689739,0.08903076608300485,0.4357281503736729
2013-03-15,-0.008812700944580754,0.08903076608300485,0.4357281503736729
2013-03-18,-0.007994631276173725,0.08903076608300485,0.4357281503736729
2013-03-19,0.004369982929583127,0.08903076608300485,0.4357281503736729
2013-03-20,0.004178347282822958,0.08903076608300485,0.4357281503736729
2013-03-21,-0.004234656125466918,0.08903076608300485,0.4357281503736729
2013-03-22,-0.0011709654234014488,0.08903076608300485,0.4357281503736729
2013-03-25,-0.0008268986089329244,0.08903076608300485,0.4357281503736729
2013-03-26,0.0034336675356021473,0.08903076608300485,0.4357281503736729
2013-03-27,-0.0120135120301752,0.08903076608300485,0.4357281503736729
2013-03-28,-0.01055239467211011,0.08903076608300485,0.4357281503736729
2013-04-01,0.008814033139005861,0.08903076608300485,0.4357281503736729
2013-04-02,0.014790468547568825,0.08903076608300485,0.4357281503736729
2013-04-03,-0.00841286462351154,0.08903076608300485,0.4357281503736729
2013-04-04,-0.013805509510917746,0.08903076608300485,0.4357281503736729
2013-04-05,-0.015118144765117414,0.08903076608300485,0.4357281503736729
2013-04-08,-0.010471864584418511,0.08903076608300485,0.4357281503736729
2013-04-09,0.0036135332824316357,0.08903076608300485,0.4357281503736729
2013-04-10,0.016112655426180122,0.08903076608300485,0.4357281503736729
2013-04-11,0.00026577671923000423,0.08903076608300485,0.4357281503736729
2013-04-12,-0.0004301839546853037,0.08903076608300485,0.4357281503736729
2013-04-15,-0.010277810538336873,0.08903076608300485,0.4357281503736729
2013-04-16,0.014630464491141693,0.08903076608300485,0.4357281503736729
2013-04-17,-0.013625371233132122,0.08903076608300485,0.4357281503736729
2013-04-18,-0.021276329249587222,0.08903076608300485,0.4357281503736729
2013-04-19,0.04433934110202031,0.08903076608300485,0.4357281503736729
2013-04-22,0.0003000880008012796,0.08903076608300485,0.4357281503736729
2013-04-23,0.009736179860125649,0.08903076608300485,0.4357281503736729
2013-04-24,0.006869613556982346,0.08903076608300485,0.4357281503736729
2013-04-25,-0.005347574288773638,0.08903076608300485,0.4357281503736729
2013-04-26,-0.009492009908168342,0.08903076608300485,0.4357281503736729
2013-04-29,0.022010890594416077,0.08903076608300485,0.4357281503736729
2013-04-30,0.00672724492802268,0.08903076608300485,0.4357281503736729
2013-05-01,-0.005020763275977003,0.08903076608300485,0.4357281503736729
2013-05-02,0.011189218845548687,0.08903076608300485,0.4357281503736729
2013-05-03,0.019418792503318683,0.08903076608300485,0.4357281503736729
2013-05-06,0.018717763220974737,0.08903076608300485,0.4357281503736729
2013-05-07,-0.0050142490661151395,0.08903076608300485,0.4357281503736729
2013-05-08,0.019131444267141307,0.08903076608300485,0.4357281503736729
2013-05-09,-0.002461060356740208,0.08903076608300485,0.4357281503736729
2013-05-10,0.010040414681069532,0.08903076608300485,0.4357281503736729
2013-05-13,-0.003067337705531026,0.08903076608300485,0.4357281503736729
2013-05-14,0.010905584671828006,0.08903076608300485,0.4357281503736729
2013-05-15,0.032454068001930514,0.08903076608300485,0.4357281503736729
2013-05-16,-0.013123828464580045,0.08903076608300485,0.4357281503736729
2013-05-17,0.00587472693181379,0.08903076608300485,0.4357281503736729
2013-05-20,-0.0007149411950896356,0.08903076608300485,0.4357281503736729
2013-05-21,-0.0017170878062120476,0.08903076608300485,0.4357281503736729
2013-05-22,-0.01935011164259448,0.08903076608300485,0.4357281503736729
2013-05-23,-0.007454277989777935,0.08903076608300485,0.4357281503736729
2013-05-24,-0.010727414327021512,0.08903076608300485,0.4357281503736729
2013-05-28,0.009103234478961442,0.08903076608300485,0.4357281503736729
2013-05-29,-0.014706068232891112,0.08903076608300485,0.4357281503736729
2013-05-30,0.002821579143349018,0.08903076608300485,0.4357281503736729
2013-05-31,0.0005283095055250708,0.08903076608300485,0.4357281503736729
2013-06-03,-0.004120665455071393,0.08903076608300485,0.4357281503736729
2013-06-04,-0.009831403571716968,0.08903076608300485,0.4357281503736729
2013-06-05,0.0006984267152332357,0.08903076608300485,0.4357281503736729
2013-06-06,0.005746139877892631,0.08903076608300485,0.4357281503736729
2013-06-07,0.01745239816801014,0.08903076608300485,0.4357281503736729
2013-06-10,0.011924087317333631,0.08903076608300485,0.4357281503736729
2013-06-11,-0.011693702466102684,0.08903076608300485,0.4357281503736729
2013-06-12,-0.008899672150288418,0.08903076608300485,0.4357281503736729
2013-06-13,0.005756974153413585,0.08903076608300485,0.4357281503736729
2013-06-14,-0.0022348400260304713,0.08903076608300485,0.4357281503736729
2013-06-17,0.012810858241273815,0.08903076608300485,0.4357281503736729
2013-06-18,0.016214323812484777,0.08903076608300485,0.4357281503736729
2013-06-19,6.666282859124628e-05,0.08903076608300485,0.4357281503736729
2013-06-20,-0.017697757861679486,0.08903076608300485,0.4357281503736729
2013-06-21,-0.004306354053915773,0.08903076608300485,0.4357281503736729
2013-06-24,-0.012645712900886008,0.08903076608300485,0.4357281503736729
2013-06-25,-0.004127440243024361,0.08903076608300485,0.4357281503736729
2013-06-26,0.008600784813163731,0.08903076608300485,0.4357281503736729
2013-06-27,0.0039146096593982715,0.08903076608300485,0.4357281503736729
2013-06-28,0.0037625058904389164,0.08903076608300485,0.4357281503736729
2013-07-01,0.008530549492345774,0.08903076608300485,0.4357281503736729
2013-07-02,-0.006273364391126801,0.08903076608300485,0.4357281503736729
2013-07-03,0.0046695614002547625,0.08903076608300485,0.4357281503736729
2013-07-05,0.007964523600048956,0.08903076608300485,0.4357281503736729
2013-07-08,0.01298275110003222,0.08903076608300485,0.4357281503736729
2013-07-09,0.0001657687443399336,0.08903076608300485,0.4357281503736729
2013-07-10,0.0008285006726018729,0.08903076608300485,0.4357281503736729
2013-07-11,0.015728640822572526,0.08903076608300485,0.4357281503736729
2013-07-12,0.0029992181740408075,0.08903076608300485,0.4357281503736729
2013-07-15,0.0018310156593461802,0.08903076608300485,0.4357281503736729
2013-07-16,-0.0054937396391717686,0.08903076608300485,0.4357281503736729
2013-07-17,-0.001152648507460996,0.08903076608300485,0.4357281503736729
2013-07-18,-0.008567880284553908,0.08903076608300485,0.4357281503736729
2013-07-19,-0.015460954190586795,0.08903076608300485,0.4357281503736729
2013-07-22,0.015726024306470743,0.08903076608300485,0.4357281503736729
2013-07-23,-0.007576560290263545,0.08903076608300485,0.4357281503736729
2013-07-24,-0.000995826052025084,0.08903076608300485,0.4357281503736729
2013-07-25,-0.016834587635180642,0.08903076608300485,0.4357281503736729
2013-07-26,-0.002647317320389364,0.08903076608300485,0.4357281503736729
2013-07-29,-0.003478829418283369,0.08903076608300485,0.4357281503736729
2013-07-30,0.009804228103109436,0.08903076608300485,0.4357281503736729
2013-07-31,-0.003558096571261493,0.08903076608300485,0.4357281503736729
2013-08-01,0.018552532852379677,0.08903076608300485,0.4357281503736729
2013-08-02,0.0025988824802456456,0.08903076608300485,0.4357281503736729
2013-08-05,-0.0017318152732700431,0.08903076608300485,0.4357281503736729
2013-08-06,-0.009314892070172442,0.08903076608300485,0.4357281503736729
2013-08-07,-0.006602937793583119,0.08903076608300485,0.4357281503736729
2013-08-08,0.002256788353583783,0.08903076608300485,0.4357281503736729
2013-08-09,-0.002520601242087084,0.08903076608300485,0.4357281503736729
2013-08-12,-0.005503027604788269,0.08903076608300485,0.4357281503736729
2013-08-13,-0.004810841647081121,0.08903076608300485,0.4357281503736729
2013-08-14,-0.01298155722996619,0.08903076608300485,0.4357281503736729
2013-08-15,-0.011669174538708083,0.08903076608300485,0.4357281503736729
2013-08-16,-0.0031989560013998553,0.08903076608300485,0.4357281503736729
2013-08-19,0.010199407512185621,0.08903076608300485,0.4357281503736729
2013-08-20,-0.0002656793958213388,0.08903076608300485,0.4357281503736729
2013-08-21,0.004518022974251412,0.08903076608300485,0.4357281503736729
2013-08-22,0.005038365468561512,0.08903076608300485,0.4357281503736729
2013-08-23,-0.004005844672531067,0.08903076608300485,0.4357281503736729
2013-08-26,-0.004389804254062546,0.08903076608300485,0.4357281503736729
2013-08-27,-0.018744406479011988,0.08903076608300485,0.4357281503736729
2013-08-28,-0.0018820557161228768,0.08903076608300485,0.4357281503736729
2013-08-29,0.008107950601524694,0.08903076608300485,0.4357281503736729
2013-08-30,-0.009971547626972277,0.08903076608300485,0.4357281503736729
2013-09-03,0.015916829656383635,0.08903076608300485,0.4357281503736729
2013-09-04,0.01307564062878952,0.08903076608300485,0.4357281503736729
2013-09-05,0.009097899843302448,0.08903076608300485,0.4357281503736729
2013-09-06,2.2706714218001522e-05,0.08903076608300485,0.4357281503736729
2013-09-09,0.009629647401618868,0.08903076608300485,0.4357281503736729
2013-09-10,0.0006981479545058455,0.08903076608300485,0.4357281503736729
2013-09-11,0.008462042641834477,0.08903076608300485,0.4357281503736729
2013-09-12,-0.003492533454458213,0.08903076608300485,0.4357281503736729
2013-09-13,-0.004467781727291897,0.08903076608300485,0.4357281503736729
2013-09-16,-0.0014734570288894577,0.08903076608300485,0.4357281503736729
2013-09-17,-0.0018586347010820514,0.08903076608300485,0.4357281503736729
2013-09-18,0.019421987919892914,0.08903076608300485,0.4357281503736729
2013-09-19,-0.0054576103799075515,0.08903076608300485,0.4357281503736729
2013-09-20,0.005253795123657312,0.08903076608300485,0.4357281503736729
2013-09-23,-0.0183920023012486,0.08903076608300485,0.4357281503736729
2013-09-24,0.000383547770354431,0.08903076608300485,0.4357281503736729
2013-09-25,-0.010836207106124873,0.08903076608300485,0.4357281503736729
2013-09-26,0.0010715221799204588,0.08903076608300485,0.4357281503736729
2013-09-27,-0.0020268981556541554,0.08903076608300485,0.4357281503736729
2013-09-30,-0.0005477044294299738,0.08903076608300485,0.4357281503736729
2013-10-01,0.01266111310932616,0.08903076608300485,0.4357281503736729
2013-10-02,0.0011160803307894707,0.08903076608300485,0.4357281503736729
2013-10-03,-0.013401013394134687,0.08903076608300485,0.4357281503736729
2013-10-04,-0.004269015527231357,0.08903076608300485,0.4357281503736729
2013-10-07,-0.007577174514002527,0.08903076608300485,0.4357281503736729
2013-10-08,-0.013941872713643555,0.08903076608300485,0.4357281503736729
2013-10-09,0.0025653965597314254,0.08903076608300485,0.4357281503736729
2013-10-10,0.014465020600967105,0.08903076608300485,0.4357281503736729
2013-10-11,0.004319040444717315,0.08903076608300485,0.4357281503736729
2013-10-14,0.00472482582274969,0.08903076608300485,0.4357281503736729
2013-10-15,0.006734339381081922,0.08903076608300485,0.4357281503736729
2013-10-16,0.018163021129054213,0.08903076608300485,0.4357281503736729
2013-10-17,-0.010289198746641248,0.08903076608300485,0.4357281503736729
2013-10-18,0.137962854417645,0.08903076608300485,0.4357281503736729
2013-10-21,-0.008018505075051974,0.08903076608300485,0.4357281503736729
2013-10-22,0.0036878661280008718,0.08903076608300485,0.4357281503736729
2013-10-23,0.024240317263211075,0.08903076608300485,0.4357281503736729
2013-10-24,-0.005681560245555772,0.08903076608300485,0.4357281503736729
2013-10-25,-0.010092133949791138,0.08903076608300485,0.4357281503736729
2013-10-28,-0.00019703258833103643,0.08903076608300485,0.4357281503736729
2013-10-29,0.020926069744599207,0.08903076608300485,0.4357281503736729
2013-10-30,-0.005616413675760379,0.08903076608300485,0.4357281503736729
2013-10-31,0.0001552974413854269,0.08903076608300485,0.4357281503736729
2013-11-01,-0.0034349729110972893,0.08903076608300485,0.4357281503736729
2013-11-04,-0.0009055007284780592,0.08903076608300485,0.4357281503736729
2013-11-05,-0.004473219758404978,0.08903076608300485,0.4357281503736729
2013-11-06,0.0012040828046260277,0.08903076608300485,0.4357281503736729
2013-11-07,-0.014470807186194312,0.08903076608300485,0.4357281503736729
2013-11-08,0.008016308708034714,0.08903076608300485,0.4357281503736729
2013-11-11,-0.005354163944256585,0.08903076608300485,0.4357281503736729
2013-11-12,0.0011775207978910185,0.08903076608300485,0.4357281503736729
2013-11-13,0.020449103281133807,0.08903076608300485,0.4357281503736729
2013-11-14,0.0026731434814590838,0.08903076608300485,0.4357281503736729
2013-11-15,-0.0016131038488662597,0.08903076608300485,0.4357281503736729
2013-11-18,-0.001944801075717928,0.08903076608300485,0.4357281503736729
2013-11-19,-0.006155731753862859,0.08903076608300485,0.4357281503736729
2013-11-20,-0.002818966229739095,0.08903076608300485,0.4357281503736729
2013-11-21,0.011503338696632781,0.08903076608300485,0.4357281503736729
2013-11-22,-0.002108188194272942,0.08903076608300485,0.4357281503736729
2013-11-25,0.01360619894480708,0.08903076608300485,0.4357281503736729
2013-11-26,0.011931918430809318,0.08903076608300485,0.4357281503736729
2013-11-27,0.004440667857469993,0.08903076608300485,0.4357281503736729
2013-11-29,-0.003311138429938132,0.08903076608300485,0.4357281503736729
2013-12-02,-0.004822527848946212,0.08903076608300485,0.4357281503736729
2013-12-03,-0.001156976561107137,0.08903076608300485,0.4357281503736729
2013-12-04,0.004671194628747655,0.08903076608300485,0.4357281503736729
2013-12-05,-0.0007938628153079108,0.08903076608300485,0.4357281503736729
2013-12-06,0.011850555555292575,0.08903076608300485,0.4357281503736729
2013-12-09,0.007729927272757564,0.08903076608300485,0.4357281503736729
2013-12-10,0.006047407507982383,0.08903076608300485,0.4357281503736729
2013-12-11,-0.0067948020627101036,0.08903076608300485,0.4357281503736729
2013-12-12,-0.006804095822473655,0.08903076608300485,0.4357281503736729
2013-12-13,-0.008570400142870804,0.08903076608300485,0.4357281503736729
2013-12-16,0.01149148381538656,0.08903076608300485,0.4357281503736729
2013-12-17,-0.0029078356272774775,0.08903076608300485,0.4357281503736729
2013-12-18,0.013917665585978511,0.08903076608300485,0.4357281503736729
2013-12-19,0.0013552340898577153,0.08903076608300485,0.4357281503736729
2013-12-20,0.013256950211510965,0.08903076608300485,0.4357281503736729
2013-12-23,0.013156198067109104,0.08903076608300485,0.4357281503736729
2013-12-24,-0.0029234841831289327,0.08903076608300485,0.4357281503736729
2013-12-26,0.0050546722209035,0.08903076608300485,0.4357281503736729
2013-12-27,0.0008412233977510564,0.08903076608300485,0.4357281503736729
2013-12-30,-0.007993563681377047,0.08903076608300485,0.4357281503736729
2013-12-31,0.010140085587346137,0.08903076608300485,0.4357281503736729
2014-01-02,-0.006772482774811239,0.08903076608300485,0.4357281503736729
2014-01-03,-0.0072948502338210375,0.08903076608300485,0.4357281503736729
2014-01-06,0.011149370704810257,0.08903076608300485,0.4357281503736729
2014-01-07,0.019278189250995004,0.08903076608300485,0.4357281503736729
2014-01-08,0.0020810790670082735,0.08903076608300485,0.4357281503736729
2014-01-09,-0.009629972930094044,0.08903076608300485,0.4357281503736729
2014-01-10,-5.3121351826113106e-05,0.08903076608300485,0.4357281503736729
2014-01-13,-0.006370649511454385,0.08903076608300485,0.4357281503736729
2014-01-14,0.023526749127884994,0.08903076608300485,0.4357281503736729
2014-01-15,-0.0006786252473115484,0.08903076608300485,0.4357281503736729
2014-01-16,0.006616559887449025,0.08903076608300485,0.4357281503736729
2014-01-17,-0.004921164425880975,0.08903076608300485,0.4357281503736729
2014-01-21,0.011446924655805324,0.08903076608300485,0.4357281503736729
2014-01-22,0.0011343064100668432,0.08903076608300485,0.4357281503736729
2014-01-23,-0.004223090172576605,0.08903076608300485,0.4357281503736729
2014-01-24,-0.03126461708958517,0.08903076608300485,0.4357281503736729
2014-01-27,-0.020109822207029504,0.08903076608300485,0.4357281503736729
2014-01-28,0.019777942985876873,0.08903076608300485,0.4357281503736729
2014-01-29,-0.014327557449391404,0.08903076608300485,0.4357281503736729
2014-01-30,0.02571998011502985,0.08903076608300485,0.4357281503736729
2014-01-31,0.04014479376707114,0.08903076608300485,0.4357281503736729
2014-02-03,-0.04025500409222893,0.08903076608300485,0.4357281503736729
2014-02-04,0.004173123202481088,0.08903076608300485,0.4357281503736729
2014-02-05,0.004428253105347446,0.08903076608300485,0.4357281503736729
2014-02-06,0.014660577477719317,0.08903076608300485,0.4357281503736729
2014-02-07,0.015069440843147541,0.08903076608300485,0.4357281503736729
2014-02-10,-0.0038303488809211528,0.08903076608300485,0.4357281503736729
2014-02-11,0.014706833486124893,0.08903076608300485,0.4357281503736729
2014-02-12,-0.0029324006019102455,0.08903076608300485,0.4357281503736729
2014-02-13,0.011131885279600295,0.08903076608300485,0.4357281503736729
2014-02-14,0.0024168597704556927,0.08903076608300485,0.4357281503736729
2014-02-18,0.006717640414273696,0.08903076608300485,0.4357281503736729
2014-02-19,-0.007052678017270275,0.08903076608300485,0.4357281503736729
2014-02-20,0.001472057012778194,0.08903076608300485,0.4357281503736729
2014-02-21,-0.00026568923045977577,0.08903076608300485,0.4357281503736729
2014-02-24,0.007243738459102422,0.08903076608300485,0.4357281503736729
2014-02-25,0.006177273378601189,0.08903076608300485,0.4357281503736729
2014-02-26,0.000139299577836427,0.08903076608300485,0.4357281503736729
2014-02-27,-0.0007866799913468503,0.08903076608300485,0.4357281503736729
2014-02-28,-0.002919961464905363,0.08903076608300485,0.4357281503736729
2014-03-03,-0.010660977031954122,0.08903076608300485,0.4357281503736729
2014-03-04,0.010160514218868322,0.08903076608300485,0.4357281503736729
2014-03-05,0.0027574331423854126,0.08903076608300485,0.4357281503736729
2014-03-06,0.001108147994216102,0.08903076608300485,0.4357281503736729
2014-03-07,-0.003952083835812026,0.08903076608300485,0.4357281503736729
2014-03-10,-0.0026506896883093933,0.08903076608300485,0.4357281503736729
2014-03-11,-0.009557835685401916,0.08903076608300485,0.4357281503736729
2014-03-12,0.006091727731436958,0.08903076608300485,0.4357281503736729
2014-03-13,-0.015108081474890622,0.08903076608300485,0.4357281503736729
2014-03-14,-0.013674615139915525,0.08903076608300485,0.4357281503736729
2014-03-17,0.016456322182957006,0.08903076608300485,0.4357281503736729
2014-03-18,0.016072416242552512,0.08903076608300485,0.4357281503736729
2014-03-19,-0.00991524341018657,0.08903076608300485,0.4357281503736729
2014-03-20,-0.001742822903809782,0.08903076608300485,0.4357281503736729
2014-03-21,-0.011794570767541646,0.08903076608300485,0.4357281503736729
2014-03-24,-0.02122498208387813,0.08903076608300485,0.4357281503736729
2014-03-25,0.0006823037208942839,0.08903076608300485,0.4357281503736729
2014-03-26,-0.02308585088029469,0.08903076608300485,0.4357281503736729
2014-03-27,-0.012305863547698248,0.08903076608300485,0.4357281503736729
2014-03-28,0.0027396895230671348,0.08903076608300485,0.4357281503736729
2014-03-31,-0.005393039459371973,0.08903076608300485,0.4357281503736729
2014-04-01,0.01829543639068998,0.08903076608300485,0.4357281503736729
2014-04-02,-0.0002820778588843442,0.08903076608300485,0.4357281503736729
2014-04-03,0.004832424270440727,0.08903076608300485,0.4357281503736729
2014-04-04,-0.04668794707285462,0.12102476527801197,0.4175552369708213
2014-04-07,-0.009187283940202406,0.11283051099227571,0.32853057889822607
2014-04-08,0.03112508140258341,0.035356814902269426,0.4135279042746576
2014-04-09,0.016651685806530647,0.15982142857142856,0.34650297619047615
2014-04-10,-0.04110685094086952,0.15982142857142856,0.34650297619047615
2014-04-11,-0.019132996486587617,0.10378438134370342,0.36427893951622753
2014-04-14,0.003618528730643167,0.10378438134370342,0.36427893951622753
2014-04-15,0.007361290452552627,0.05164884135472371,0.3007486631016042
2014-04-16,0.03746915670975515,0.035928536233414285,0.4532951465878295
2014-04-17,-0.03672691729251443,0.09544618336092986,0.4160032031460606
2014-04-21,-0.013952532202803125,0.0906275157590947,0.4271753684911583
2014-04-22,0.011709702116414755,0.05911443628834933,0.437403538490495
2014-04-23,-0.014715503290709697,0.11722621972621974,0.38530683280683264
2014-04-24,-0.003378031508571522,0.07513515612473948,0.4148694284110947
2014-04-25,-0.017099494618581623,0.10388429406850457,0.48222472848788656
2014-04-28,0.001879194428561215,0.08962450592885376,0.44258893280632394
2014-04-29,0.020400276275255314,0.06118551587301586,0.47936507936507927
2014-04-30,-0.0019708494414494293,0.16878529079616028,0.44591554781772147
2014-05-01,0.00890522487814338,0.11121724491289706,0.4265078319426147
2014-05-02,-0.006436451166352497,0.12957964601769908,0.4350022691173134
2014-05-05,-0.00022733781351402804,0.03421467146714671,0.31796804680468044
2014-05-06,-0.02400485890827664,0.03421467146714671,0.31796804680468044
2014-05-07,-0.010055490877637685,0.03421467146714671,0.31796804680468044
2014-05-08,0.0020393506680271845,0.06052660753880268,0.4264098300073908
2014-05-09,0.01512725442399332,0.0912486772486773,0.40716402116402123
2014-05-12,0.02157191750370302,0.0912486772486773,0.40716402116402123
2014-05-13,0.005982026497625581,0.09394430355968812,0.4329012867474405
2014-05-14,-0.01208050340432798,0.09394430355968812,0.4329012867474405
2014-05-15,-0.01266506684108748,0.15363083213083215,0.40464598364598364
2014-05-16,0.00125011557123611,0.10124338624338625,0.33967372134038804
2014-05-19,0.015807755338881346,0.10129419191919191,0.3623421717171718
2014-05-20,0.001720725495869102,0.15832696715049654,0.43530685001273234
2014-05-21,0.017309408131549908,0.15832696715049654,0.43530685001273234
2014-05-22,0.011355560931721964,0.06428571428571428,0.5226190476190476
2014-05-23,0.014016802797273575,0.13030635300372148,0.45974624790414265
2014-05-27,0.023973264444771214,0.12917004870129867,0.44846117424242415
2014-05-28,-0.00754482122464073,0.12917004870129867,0.44846117424242415
2014-05-29,-0.002848637473460758,0.1396572431633407,0.40898862316545237
2014-05-30,-0.00033919108072022475,0.0557193542006626,0.39300301636750273
2014-06-02,-0.010645026271906555,0.0823815645139175,0.42212024965984274
2014-06-03,-0.01622950123842526,0.12919286641353675,0.4354851185437778
2014-06-04,-0.0005138230745984629,0.12919286641353675,0.4354851185437778
2014-06-05,0.016964751723762994,0.12919286641353675,0.4354851185437778
2014-06-06,0.004387060907627305,0.051589343570475635,0.2799279860600616
2014-06-09,0.0104075332086071,-0.006467360366442933,0.3245588254762566
2014-06-10,-0.002793058194185294,-0.006467360366442933,0.3245588254762566
2014-06-11,-0.003050583070173807,0.14079284912618245,0.3387465929132596
2014-06-12,-0.013402744088723884,0.14079284912618245,0.3387465929132596
2014-06-13,0.0007436241204075156,0.09297520661157024,0.27809917355371905
2014-06-16,-0.013556534448994628,0.1030701754385965,0.3372807017543859
2014-06-17,-0.0023333894218546813,0.13784604586235016,0.4841920760399021
2014-06-18,0.019078781184148186,0.06620758273984081,0.3226312665828794
2014-06-19,0.002764889929537384,0.07997558658272942,0.47344043522614954
2014-06-20,0.0026310874669970286,0.01607142857142858,0.42654761904761906
2014-06-23,0.01543973061361581,0.10498909407868942,0.3770639925264206
2014-06-24,-0.0005841322126259874,0.05500135281385281,0.4581344696969697
2014-06-25,0.02484855493874938,0.08590638528138526,0.44231035631035637
2014-06-26,-0.004579654314781023,0.08538293416540174,0.42698635239219646
2014-06-27,0.002152827095408316,0.0714611771207516,0.37394961775812824
2014-06-30,-0.0033954976492451827,0.10483417350193663,0.44033082232095433
2014-07-01,0.012845891606880988,0.09918837388664971,0.48923993630890233
2014-07-02,-0.0005748751291945187,0.08626815190229824,0.4098890648646746
2014-07-03,0.004112727313565712,0.06975514755971615,0.3174545124925835
2014-07-07,-0.004241266456648685,0.06999728020670429,0.2998022483624577
2014-07-08,-0.01916704375526168,0.06647608157042119,0.2649132837812083
2014-07-09,0.008737642745833885,0.06647608157042119,0.2649132837812083
2014-07-10,-0.008644640692925587,-0.038683437159046936,0.4296897546897547
2014-07-11,0.014148215265495034,0.08163945578231292,0.49893877551020416
2014-07-14,0.009824158318832099,0.13089299589299588,0.4391037533894676
2014-07-15,-0.00015382494554661008,0.13089299589299588,0.4391037533894676
2014-07-16,-0.0036252973089613283,-0.06666666666666665,0.5031746031746033
2014-07-17,-0.015326311083527666,0.06479179008126376,0.41039278411646835
2014-07-18,0.03721266280052049,0.08119427012837868,0.40437102661908897
2014-07-21,-0.009427346884238519,0.00941188441188441,0.2597680097680097
2014-07-22,0.008940309689858372,0.05763862518248477,0.3723973232745164
2014-07-23,0.0020848897731682303,0.09330357142857143,0.33874007936507944
2014-07-24,-0.004412905042009974,0.10996031746031744,0.4393501048218033
2014-07-25,-0.007297498118113421,0.04703689960832815,0.3975326736755308
2014-07-28,0.0026824366038291636,0.11819666202459228,0.36752626010730755
2014-07-29,-0.008449104660962936,0.11819666202459228,0.36752626010730755
2014-07-30,0.0030908093473454024,0.11819666202459228,0.36752626010730755
2014-07-31,-0.026931304061905026,0.06025515725770827,0.3833151117589893
2014-08-01,-0.009674656968665318,-0.1486772486772487,0.3597883597883599
2014-08-04,0.012507383042377862,-0.1486772486772487,0.3597883597883599
2014-08-05,-0.014097609837494418,-0.004949273436115547,0.4762914546467181
2014-08-06,0.0023077603574990224,-0.004949273436115547,0.4762914546467181
2014-08-07,-0.005321660638059944,0.14122807017543862,0.4627192982456142
2014-08-08,0.009603123672452307,0.08972789115646262,0.41051020408163286
2014-08-11,-0.0015647976973011124,0.1046875,0.21250000000000002
2014-08-12,-0.009068757247306047,0.1046875,0.21250000000000002
2014-08-13,0.02141339565845124,0.055534511784511784,0.2414201539201539
2014-08-14,-0.00022616377949102873,0.038928571428571423,0.47017857142857145
2014-08-15,-0.0020359362102371215,0.08474719724719725,0.39738941613941614
2014-08-18,0.015135581457004887,0.0570101941069683,0.327950006982265
2014-08-19,0.00807338679366465,-0.00979284369114878,0.3628531073446328
2014-08-20,-0.0040384662889505485,-0.008621933621933623,0.31186868686868685
2014-08-21,-0.0019161131646662222,-0.008333333333333326,0.2616666666666667
2014-08-22,-0.001388515523586542,-0.008333333333333326,0.2616666666666667
2014-08-25,-0.0040510458959363005,0.11755535831075402,0.43018374910461243
2014-08-26,-0.0040331339125520005,0.06035658268577522,0.40903063465175243
2014-08-27,-0.011871441021520712,0.12384792626728108,0.4895545314900153
2014-08-28,-0.00315231513052594,0.12384792626728108,0.4895545314900153
2014-08-29,0.004216451395300025,0.0836261777438248,0.4311582208641032
2014-09-02,0.010024462940154022,0.04204266874500339,0.3895007877984532
2014-09-03,0.001056600647431738,0.04204266874500339,0.3895007877984532
2014-09-04,0.006990330740641593,0.07967042877757165,0.4358817769532052
2014-09-05,0.007044971537045308,0.016389187253848914,0.37489258861439323
2014-09-08,0.006210705714227327,0.09788791455458119,0.44163922497255836
2014-09-09,-0.014769729239791696,0.094228687978688,0.29994692807192797
2014-09-10,0.0035972041674174893,0.058724236514338904,0.36827115622337464
2014-09-11,-0.0030011474686594264,0.05347010082859143,0.34625661375661393
2014-09-12,-0.009856444124391794,0.05347010082859143,0.34625661375661393
2014-09-15,-0.0043778215937941845,0.1107801175597786,0.39203332762654786
2014-09-16,0.011952526142368969,0.11929589219557872,0.36834785381807306
2014-09-17,0.008310992428622876,0.047247131175702596,0.42353552532123945
2014-09-18,0.007695423538484514,0.10992774060955876,0.41557822088125124
2014-09-19,0.011556613869576848,0.0,0.0
2014-09-22,-0.014612140424301923,-0.03717105263157895,0.4913883265856949
2014-09-23,-0.010623603297237771,0.052380952380952375,0.3450844854070661
2014-09-24,0.011804534109161713,0.07638657326157326,0.36798169923169927
2014-09-25,-0.021990161529812702,0.07638657326157326,0.36798169923169927
2014-09-26,0.0035474730358089346,0.0473849298849299,0.3933272852503623
2014-09-29,-0.0012822780559297309,0.02786796536796536,0.3282766575529736
2014-09-30,0.0017350119706067701,0.11244588744588746,0.41340326340326367
2014-10-01,-0.015743993735375272,0.07479684058631426,0.31851712614870514
2014-10-02,0.0031850154477885972,0.14614593338066006,0.3488498907309196
2014-10-03,0.009121577153192506,0.08327081909318751,0.36652355320118474
2014-10-06,0.003598245416097434,0.10621010250543933,0.35849453655153146
2014-10-07,-0.023573254316295533,0.10621010250543933,0.35849453655153146
2014-10-08,0.01553909359622696,0.09156862745098039,0.49372549019607836
2014-10-09,-0.02029696348164256,0.2425925925925926,0.3944444444444445
2014-10-10,-0.029221880650592835,0.05487440754239175,0.3516122546754958
2014-10-13,-0.020716690307397312,0.01515151515151515,0.3282828282828283
2014-10-14,0.008870787800930202,0.06160592096075968,0.3701533770888608
2014-10-15,-0.014704174429021721,0.06724151452412323,0.4443764769851726
2014-10-16,-0.010414499012267098,0.07905672170207051,0.38315458120690704
2014-10-17,-0.025433302111890876,0.05476992143658809,0.3996913580246914
2014-10-20,0.018917386379138756,0.2600903614457832,0.6530120481927708
2014-10-21,0.010943848961098901,0.2600903614457832,0.6530120481927708
2014-10-22,0.011718065559886526,0.2701800614844094,0.4521299956082563
2014-10-23,0.02115596225803862,0.011822773186409539,0.43604224058769503
2014-10-24,-0.007720939963890894,0.17319988879621911,0.4625521267723102
2014-10-27,0.0018341093975799971,0.08499201618054077,0.3754534809452842
2014-10-28,0.015034092852754366,0.08499201618054077,0.3754534809452842
2014-10-29,0.0007834033055105216,0.07896342094906687,0.32450288945504235
2014-10-30,0.001784063483449172,0.08910938834408222,0.34783844273640174
2014-10-31,0.015936442979016086,0.19,0.4533333333333333
2014-11-03,-0.00690419166695555,0.09020063270063268,0.3747623743777589
2014-11-04,-0.001999268671601606,0.09020063270063268,0.3747623743777589
2014-11-05,-0.014780396051209066,0.06852834665334664,0.3005470224220225
2014-11-06,-0.0071072837512952125,0.11832251082251083,0.4245462606176893
2014-11-07,-0.001900192475328244,-0.75,1.0
2014-11-10,0.011977524222440694,-0.75,1.0
2014-11-11,0.005114295061994234,0.05848622277193707,0.3997663711949425
2014-11-12,-0.005415367272104454,0.07056650246305418,0.3175389983579638
2014-11-13,-0.0035262763474608327,0.13027170198222832,0.3259996582365003
2014-11-14,-0.0017969847180098197,0.05602977448907685,0.4159002818886543
2014-11-17,-0.014493041054411182,0.04818840579710145,0.29818840579710143
2014-11-18,-0.0027584637424195035,0.04818840579710145,0.29818840579710143
2014-11-19,0.0036632656648456496,0.04818840579710145,0.29818840579710143
2014-11-20,-0.004022360353078791,0.036124794745484405,0.25389983579638753
2014-11-21,0.004992182243067411,0.09575306365336585,0.38654488344820664
2014-11-24,0.003293105179494882,-0.027935364965067946,0.34005013138676515
2014-11-25,0.0033562940764317872,0.07920353982300886,0.28716814159292037
2014-11-26,-0.00131210137912674,0.051549361207897784,0.3493929539295396
2014-11-28,0.00270183636833754,0.11536281179138322,0.39516105587534156
2014-12-01,-0.014820226601000241,0.08696826133050622,0.4487675589716407
2014-12-02,-9.367136761295747e-05,0.08696826133050622,0.4487675589716407
2014-12-03,-0.004552682198861402,0.11793930794657541,0.403998351454747
2014-12-04,0.011273872850800393,0.07375277161862527,0.3805309189455531
2014-12-05,-0.022426571563962217,-0.02445887445887446,0.42945040466779605
2014-12-08,0.003274531170535777,-0.02445887445887446,0.42945040466779605
2014-12-09,0.012125800636623607,-0.02445887445887446,0.42945040466779605
2014-12-10,-0.013705408175945455,0.10021984551396314,0.4213101604278075
2014-12-11,0.004334195342049041,0.0754499318742347,0.37311015677549536
2014-12-12,-0.01832154833075006,0.134437397228095,0.3162158255181509
2014-12-15,-0.00937027319539896,0.11151636525468307,0.3555144232714325
2014-12-16,-0.035831110862316606,0.06851297405189619,0.3847804391217568
2014-12-17,0.019176830387263255,0.06851297405189619,0.3847804391217568
2014-12-18,0.012299700473741515,0.06851297405189619,0.3847804391217568
2014-12-19,0.010271904088151818,0.10151956886650766,0.4620461171481579
2014-12-22,0.016500497403601377,-0.0004995004995005039,0.4250749250749251
2014-12-23,0.0108979500260733,-0.0004995004995005039,0.4250749250749251
2014-12-24,-0.0034301168752477462,0.049083860583860627,0.4714850704850705
2014-12-26,0.009947511975199053,0.1657142857142857,0.5621428571428572
2014-12-29,-0.006928355012592591,0.07415129963831263,0.4457490741581651
2014-12-30,0.00016964453914058986,0.1425061425061425,0.4245700245700245
2014-12-31,-0.007578859877473643,0.1425061425061425,0.4245700245700245
2015-01-02,-0.0030204896654373314,0.1425061425061425,0.4245700245700245
2015-01-05,-0.02084573062034567,0.1425061425061425,0.4245700245700245
2015-01-06,-0.02317704974745216,0.1425061425061425,0.4245700245700245
2015-01-07,-0.0017132642533195241,0.11167355371900828,0.33550275482093667
2015-01-08,0.003153082915202443,0.11167355371900828,0.33550275482093667
2015-01-09,-0.012950607559205962,0.03151183032135412,0.3476982453172931
2015-01-12,-0.00729586357111911,0.03151183032135412,0.3476982453172931
2015-01-13,0.007369801033429102,0.12857142857142856,0.5116883116883119
2015-01-14,0.0094522042869285,0.09827270440826774,0.44730740503627814
2015-01-15,0.0018368036336098292,0.04404761904761905,0.21547619047619043
2015-01-16,0.012535101402548321,0.051388888888888894,0.2513888888888889
2015-01-20,-0.0023224466348646944,0.053657573269642225,0.3874940911578842
2015-01-21,0.0219767776391242,0.06209603801995107,0.4086161302465649
2015-01-22,0.031561153782298845,0.09043175021435892,0.36028818202731233
2015-01-23,0.010404431509230427,0.08223484848484848,0.20814393939393935
2015-01-26,-0.008778530617132962,0.08223484848484848,0.20814393939393935
2015-01-27,-0.030978498467210458,0.10990566037735848,0.2767295597484278
2015-01-28,-0.01664001805363613,0.10990566037735848,0.2767295597484278
2015-01-29,0.0012940764712368047,0.05070921985815602,0.3531914893617021
2015-01-30,0.0467239210726933,0.10049774605559728,0.38912471825694966
2015-02-02,-0.011299925861860016,0.06316618566618568,0.455776527176527
2015-02-03,0.001438116060864525,0.061481481481481484,0.3690740740740741
2015-02-04,-0.012244013329241965,0.05788530465949821,0.43336591723688495
2015-02-05,0.009220331206370114,0.05788530465949821,0.43336591723688495
2015-02-06,0.006482445317247176,0.10028501055594648,0.4027234342012669
2015-02-09,-0.005969857971361625,0.2572424242424243,0.5230303030303031
2015-02-10,0.017259277559400266,0.06666666666666667,0.3166666666666667
2015-02-11,-0.001806538240082256,0.06576223776223777,0.57706993006993
2015-02-12,0.012985868181030646,0.06576223776223777,0.57706993006993
2015-02-13,0.01119849947011442,0.06576223776223777,0.57706993006993
2015-02-17,-0.011238465406090858,0.06576223776223777,0.57706993006993
2015-02-18,-0.005784405844625584,0.10833333333333334,0.5072916666666667
2015-02-19,0.005873625669962301,0.18636363636363634,0.4863636363636364
2015-02-20,-0.007220832683579648,0.07918492965367965,0.4259623189310692
2015-02-23,-0.013062488383831283,0.1453102453102453,0.27828282828282824
2015-02-24,0.00785851796143855,0.019520416024653306,0.30740562403697996
2015-02-25,0.014512544202639033,0.16059940059940056,0.36388444888444893
2015-02-26,0.021346965023634645,0.05729877467165603,0.2651551837992516
2015-02-27,0.0052566821023039,0.05295159386068477,0.30695264331627964
2015-03-02,0.023173409404672052,0.03957825690610124,0.34846448877137515
2015-03-03,0.004025621397694579,0.023952487841376692,0.36974217483476735
2015-03-04,-0.00047072340041132144,0.029219233147804564,0.2931230674087818
2015-03-05,0.003418415979614453,0.03989513360203016,0.4154399910434394
2015-03-06,-0.0132880543887266,0.03989513360203016,0.4154399910434394
2015-03-09,0.0020521834300974984,0.12133467023172904,0.3562054367201425
2015-03-10,-0.024329712206954346,0.10879172156346067,0.3670279297996688
2015-03-11,-0.006900786446737639,0.10430796055796054,0.38247053872053866
2015-03-12,0.00785581886609732,0.14992248062015506,0.517002583979328
2015-03-13,-0.014743146061131474,0.03381433381433381,0.3204906204906203
2015-03-16,0.013136689905110632,0.08740007392716753,0.4189793430433824
2015-03-17,-0.00661849451623453,0.08740007392716753,0.4189793430433824
2015-03-18,0.015721449336102422,0.10906939446096076,0.39216476294789543
2015-03-19,-0.002698827913932833,0.10906939446096076,0.39216476294789543
2015-03-20,0.004247413628374996,0.23866258741258745,0.486118881118881
2015-03-23,-0.0027661146091213507,0.10192371981228285,0.42256181420404343
2015-03-24,0.020364767782310444,0.10192371981228285,0.42256181420404343
2015-03-25,-0.020002115180039914,0.03159779614325069,0.3347451790633609
2015-03-26,-0.006469394443672338,0.009792207792207784,0.5114978354978355
2015-03-27,-0.012302500086630586,0.07913600288600289,0.4646089866923201
2015-03-30,0.0067293524015512585,0.059854096520763185,0.32218855218855225
2015-03-31,-0.007300356383725948,0.07340093481397827,0.39450443879791736
2015-04-01,-0.009927015511178472,0.07340093481397827,0.39450443879791736
2015-04-02,-0.012957074605011387,0.07340093481397827,0.39450443879791736
2015-04-06,0.0023061442422447342,0.0904761904761905,0.3625850340136054
2015-04-07,0.00047501391626925127,0.09265650080256824,0.413095238095238
2015-04-08,0.008547207650576816,0.09265650080256824,0.413095238095238
2015-04-09,-0.0015324130863860752,0.11753163822129341,0.3743178915592708
2015-04-10,-0.0014239662708593892,0.11753163822129341,0.3743178915592708
2015-04-13,-0.0015554271996591762,0.11753163822129341,0.3743178915592708
2015-04-14,-0.016284327471573934,0.11753163822129341,0.3743178915592708
2015-04-15,0.004034793824017946,0.10908097005035779,0.43353618967685936
2015-04-16,0.002384759933559133,0.11669974391805374,0.38392872385830146
2015-04-17,-0.018265195443832316,0.10674463850325924,0.39694755436134754
2015-04-20,0.02162001796515045,0.052371415302449785,0.3283176593521421
2015-04-21,-0.002633622208969011,0.08929071891499639,0.332226059104672
2015-04-22,0.010103602487044672,0.20945443445443446,0.5477189477189476
2015-04-23,0.014155496196064377,0.12042801842203044,0.4012983340677952
2015-04-24,0.033016466879879136,0.11398989131435926,0.41247667403518423
2015-04-27,-0.017153084753742998,0.08371615946242814,0.40722846804936347
2015-04-28,-0.003043019996065932,0.0,0.25
2015-04-29,-0.00830800472864468,0.06269996098322282,0.37097616260706395
2015-04-30,-0.02138120062016391,0.10436147186147188,0.41755411255411257
2015-05-01,0.001042165057247857,0.01822677178894798,0.36793583503428057
2015-05-04,0.005354164103922754,0.01822677178894798,0.36793583503428057
2015-05-05,-0.018454899339487296,0.01822677178894798,0.36793583503428057
2015-05-06,-0.012396415125766724,0.08249999999999999,0.34750000000000003
2015-05-07,0.012361301282815873,0.0980893815245436,0.4256305394522355
2015-05-08,0.01416988662137042,0.0980893815245436,0.4256305394522355
2015-05-11,-0.004682024331646328,0.0980893815245436,0.4256305394522355
2015-05-12,-0.01243239471870683,0.0980893815245436,0.4256305394522355
2015-05-13,0.001096357598895814,0.0980893815245436,0.4256305394522355
2015-05-14,0.01657797870716715,0.0980893815245436,0.4256305394522355
2015-05-15,-0.008451054600993269,0.0980893815245436,0.4256305394522355
2015-05-18,-0.0029034149474232995,-0.0009009009009008997,0.4372050622050622
2015-05-19,0.009505912293952479,0.06075396825396824,0.2648677248677248
2015-05-20,0.0035544794054587214,0.2399047619047619,0.5967142857142858
2015-05-21,0.006008103324564473,0.029103535353535357,0.2542193917193918
2015-05-22,-0.004423927587990595,0.14022852147852144,0.4957251082251083
2015-05-26,-0.014422947577982459,0.14022852147852144,0.4957251082251083
2015-05-27,0.01403285787077313,0.09844334433443344,0.3683058305830582
2015-05-28,-1.8431242530425607e-05,0.09844334433443344,0.3683058305830582
2015-05-29,-0.014209573507581674,0.12722497704315897,0.3654104683195593
2015-06-01,0.0035331135535825453,0.012027692409371791,0.4075271801989358
2015-06-02,0.009719288932738213,0.07019139912540931,0.44664557101105334
2015-06-03,0.002095784366390685,0.05174107142857143,0.5034623015873015
2015-06-04,-0.0066813237092829825,0.12089346665239525,0.42420151277294105
2015-06-05,-0.006279103641980255,0.12089346665239525,0.42420151277294105
2015-06-08,-0.012187575783869642,0.11382957087655074,0.3723359191144424
2015-06-09,-0.0002657688352637466,0.10503030303030302,0.4922121212121212
2015-06-10,0.01898650052597728,0.1405651482356028,0.42545093795093825
2015-06-11,-0.003875639554023258,0.1405651482356028,0.42545093795093825
2015-06-12,-0.00426473141911099,0.11476123501439958,0.3915655956795197
2015-06-15,-0.009636888464247484,0.12291092745638205,0.47413911845730017
2015-06-16,0.0018019954066312849,0.1379558294812532,0.36780945043656915
2015-06-17,0.002101649057200339,0.08238415281216835,0.3920565577958578
2015-06-18,0.014113989076937727,0.08238415281216835,0.3920565577958578
2015-06-19,-7.448438039558969e-05,0.013269794721407623,0.34127565982404684
2015-06-22,0.0027949095276793567,0.165,0.5349999999999999
2015-06-23,0.004254961986454697,0.0922222222222222,0.4069444444444444
2015-06-24,-0.004884460290277559,0.10349025974025972,0.36431277056277056
2015-06-25,-0.004852831453542983,0.0580821199003017,0.41776215892693164
2015-06-26,-0.006613938180368817,0.11824874686716791,0.474812030075188
2015-06-29,-0.019127653259878086,0.15755298155298147,0.45060338910338926
2015-06-30,-0.0019366658254079683,0.07177305562036103,0.3003343529391434
2015-07-01,0.0025552188708148904,0.12900929345883472,0.41058375874889647
2015-07-02,0.0029894161415104925,0.1872109597719354,0.42116196811318757
2015-07-06,-0.0010317901704950394,0.1872109597719354,0.42116196811318757
2015-07-07,0.004131192024572572,0.21619047619047618,0.5206547619047619
2015-07-08,-0.015599410856751761,0.03790554801748832,0.3649268807477762
2015-07-09,0.007449211294552116,0.10195699468687978,0.44961116895024955
2015-07-10,0.018149366457412608,0.10195699468687978,0.44961116895024955
2015-07-13,0.030973502433615296,0.10195699468687978,0.44961116895024955
2015-07-14,0.026621513712301148,0.10195699468687978,0.44961116895024955
2015-07-15,-0.0015683568662280267,0.10195699468687978,0.44961116895024955
2015-07-16,0.035039816529496726,0.10195699468687978,0.44961116895024955
2015-07-17,0.16052430948104401,0.10131838817642559,0.43734674511292465
2015-07-20,-0.014726603217401713,0.08850891265597145,0.4305329768270943
2015-07-21,-0.0010859883235502243,0.16250000000000003,0.37500000000000006
2015-07-22,-0.00030199607975833764,0.16250000000000003,0.37500000000000006
2015-07-23,-0.02691428431648213,0.12803030303030305,0.3260732323232323
2015-07-24,-0.03215997713317287,0.15606060606060604,0.3885780885780887
2015-07-27,0.0059336904417655045,0.076238344988345,0.30370046620046615
2015-07-28,0.0011797181204011853,0.146984126984127,0.41563492063492063
2015-07-29,0.006257950636942677,0.146984126984127,0.41563492063492063
2015-07-30,0.0010444732918382105,0.10579899159000708,0.3967886876578284
2015-07-31,-0.01103406898951953,0.07284580498866217,0.3490787981859411
2015-08-03,0.008951322923658411,0.16410052910052908,0.42455026455026446
2015-08-04,-0.0031051820023224597,0.16410052910052908,0.42455026455026446
2015-08-05,0.023091027413587595,-0.040950199671129936,0.3797845565287427
2015-08-06,-0.001708714080038698,-0.040950199671129936,0.3797845565287427
2015-08-07,-0.011483172154699406,0.12753851540616246,0.561659663865546
2015-08-10,-0.0024712860532905,0.09572981155642445,0.41380011863882865
2015-08-11,0.04268387144947772,0.11065951372402985,0.3961363946686532
2015-08-12,-0.0018463496874236984,0.08129370629370633,0.39073359973359967
2015-08-13,-0.004715243509961997,0.154274097670324,0.45773004074890866
2015-08-14,0.0010206154128304945,0.10354510354510355,0.4992687492687493
2015-08-17,0.0057067202771694525,0.10354510354510355,0.4992687492687493
2015-08-18,-0.007172348625087754,0.1205974025974026,0.3842770562770563
2015-08-19,0.007269929684133425,0.14816017316017316,0.4279375386518244
2015-08-20,-0.02128916097603295,0.14816017316017316,0.4279375386518244
2015-08-21,-0.053105199352552646,0.14816017316017316,0.4279375386518244
2015-08-24,-0.037339987831112476,0.06302083333333335,0.4786458333333333
2015-08-25,-0.012805052818092744,0.06302083333333335,0.4786458333333333
2015-08-26,0.0799917485482311,0.06302083333333335,0.4786458333333333
2015-08-27,0.01430115184293479,0.06302083333333335,0.4786458333333333
2015-08-28,-0.011339188798933142,0.0599541331684189,0.4529431045145332
2015-08-31,-0.019242369529154035,-0.016666666666666666,0.19166666666666665
2015-09-01,-0.03309344439951478,0.07882963493199717,0.3833035075161061
2015-09-02,0.027685390536941856,0.05350883684217018,0.35632719607078583
2015-09-03,-0.013168647075636475,0.05350883684217018,0.35632719607078583
2015-09-04,-0.00915461938144324,0.05350883684217018,0.35632719607078583
2015-09-08,0.02323948846533397,0.05736719130758865,0.35407940569364393
2015-09-09,-0.003156219837337715,0.05736719130758865,0.35407940569364393
2015-09-10,0.014084745737788174,0.05736719130758865,0.35407940569364393
2015-09-11,0.007113614179973915,0.12775297619047615,0.4138392857142857
2015-09-14,-0.0040430668123091484,0.12775297619047615,0.4138392857142857
2015-09-15,0.01909380847015285,0.027583527583527563,0.39799922299922286
2015-09-16,0.0013224879241782173,0.07428480796707403,0.38234118098650133
2015-09-17,0.010880914836344457,0.07428480796707403,0.38234118098650133
2015-09-18,-0.021231954410379728,0.07428480796707403,0.38234118098650133
2015-09-21,0.00983711084624539,0.07428480796707403,0.38234118098650133
2015-09-22,-0.020064836900211436,0.08858563994927632,0.5042473071260953
2015-09-23,-0.0005299860266585465,0.08858563994927632,0.5042473071260953
2015-09-24,0.005527352469487656,0.08858563994927632,0.5042473071260953
2015-09-25,-0.02209973995716985,0.08858563994927632,0.5042473071260953
2015-09-28,-0.02790979428629503,0.10249554367201424,0.3978609625668449
2015-09-29,0.00013440467646774756,0.20324209840338878,0.5037878787878785
2015-09-30,0.0226062030952483,0.15561840120663653,0.4339366515837104
2015-10-01,0.004717128102611934,0.1595238095238095,0.3952380952380952
2015-10-02,0.02555251282068305,0.09704081632653061,0.35346938775510195
2015-10-05,0.023225022135674234,0.0856893106893107,0.3410980685980687
2015-10-06,0.006188958453988036,-0.012727272727272731,0.3909090909090909
2015-10-07,-0.004771964846393306,-0.012727272727272731,0.3909090909090909
2015-10-08,-0.00498164903593723,0.08116789819376026,0.3735837438423645
2015-10-09,0.006962282038897261,0.08116789819376026,0.3735837438423645
2015-10-12,0.00475442903515555,0.19639917695473252,0.367798353909465
2015-10-13,0.008706148650787116,0.19639917695473252,0.367798353909465
2015-10-14,-0.0017476851463623655,0.19639917695473252,0.367798353909465
2015-10-15,0.016247953557796402,0.08537095088819227,0.37432079414838015
2015-10-16,0.000695170319085614,0.08537095088819227,0.37432079414838015
2015-10-19,0.005889404906866735,0.03151515151515151,0.39742117531591203
2015-10-20,-0.023750108947609316,0.04475391833882397,0.45404811819906155
2015-10-21,-0.011794986248916617,0.15752674997958027,0.47797363799722314
2015-10-22,0.014285481418406576,0.15752674997958027,0.47797363799722314
2015-10-23,0.07703405037627009,0.17950544641880378,0.46712532954410235
2015-10-26,0.015356166666666615,0.14375000000000002,0.4145833333333333
2015-10-27,-0.006018741863487276,0.17743580620292954,0.44726916918697746
2015-10-28,0.006295109405850541,0.17743580620292954,0.44726916918697746
2015-10-29,0.005568372162394919,0.17743580620292954,0.44726916918697746
2015-10-30,-0.00852254804564423,0.028030303030303027,0.3893939393939394
2015-11-02,0.01449049257745516,0.10162898829565495,0.43233766233766224
2015-11-03,0.0014560719194591787,0.08930032467532469,0.3794415584415582
2015-11-04,0.008239188299625999,0.10138888888888885,0.47808641975308647
2015-11-05,0.0043125558839851585,-0.065,0.2700000000000001
2015-11-06,0.0034324923076922698,-0.065,0.2700000000000001
2015-11-09,-0.012088414303199624,-0.065,0.2700000000000001
2015-11-10,0.00473174126974274,0.04065067585475747,0.309579026415761
2015-11-11,0.009721025005427375,-0.0014954742227469547,0.2747409156500064
2015-11-12,-0.005670443111108869,-0.0014954742227469547,0.2747409156500064
2015-11-13,-0.01946033449011475,-0.0014954742227469547,0.2747409156500064
2015-11-16,0.016680644351464435,0.1140036193314882,0.3651994180682702
2015-11-17,-0.005020898114492245,0.1140036193314882,0.3651994180682702
2015-11-18,0.0202674924075692,0.005939393939393942,0.2615757575757575
2015-11-19,-0.002148685135135109,0.005939393939393942,0.2615757575757575
2015-11-20,0.024634015878872706,0.09799022686250945,0.41347903304425077
2015-11-23,-0.0008194501978150415,0.2833333333333334,0.5388888888888889
2015-11-24,-0.01018539009458952,0.2833333333333334,0.5388888888888889
2015-11-25,-0.000173738433422721,0.2833333333333334,0.5388888888888889
2015-11-27,0.0028202712454901135,0.2833333333333334,0.5388888888888889
2015-11-30,-0.010209839119640685,0.07283606150793652,0.3751426091269841
2015-12-01,0.0329113961619627,0.2018367346938775,0.3951020408163265
2015-12-02,-0.00607526743540876,0.16393939393939394,0.3700757575757575
2015-12-03,-0.012906984621140483,0.16393939393939394,0.3700757575757575
2015-12-04,0.018962474309903055,0.12853812853812854,0.34482184482184475
2015-12-07,-0.0046426076984980025,0.12853812853812854,0.34482184482184475
2015-12-08,-0.001152970848345869,0.12686633094796362,0.4061401183850163
2015-12-09,-0.014113894920536718,0.02723914017017465,0.3212979549186445
2015-12-10,-0.002860476900130582,0.02723914017017465,0.3212979549186445
2015-12-11,-0.014130209336235877,0.12626262626262624,0.4282828282828283
2015-12-14,0.012045454626967267,0.0994782003710575,0.35734513502370635
2015-12-15,-0.005844037448840211,0.0994782003710575,0.35734513502370635
2015-12-16,0.019760562988628383,0.0994782003710575,0.35734513502370635
2015-12-17,-0.011423490207713827,0.19690653162351276,0.42697854556345116
2015-12-18,-0.013503589520735826,0.19690653162351276,0.42697854556345116
2015-12-21,0.011443132140626089,0.19690653162351276,0.42697854556345116
2015-12-22,0.002982173583262915,0.19690653162351276,0.42697854556345116
2015-12-23,0.00041333066666671137,0.1645862322201608,0.4847389713461142
2015-12-24,-0.0025455798337903346,0.1645862322201608,0.4847389713461142
2015-12-28,0.01885353493788755,0.1645862322201608,0.4847389713461142
2015-12-29,0.018478401352396645,0.1645862322201608,0.4847389713461142
2015-12-30,-0.0072108887111270725,0.1645862322201608,0.4847389713461142
2015-12-31,-0.015719837872892328,0.1645862322201608,0.4847389713461142
2016-01-04,-0.02245411380946849,0.1645862322201608,0.4847389713461142
2016-01-05,0.0009975061644929006,0.1645862322201608,0.4847389713461142
2016-01-06,0.0014004928441266884,0.1645862322201608,0.4847389713461142
2016-01-07,-0.02317040977361018,0.1645862322201608,0.4847389713461142
2016-01-08,-0.01640997777206521,0.1645862322201608,0.4847389713461142
2016-01-11,0.0021835179410221173,0.1645862322201608,0.4847389713461142
2016-01-12,0.014021727571987164,0.1645862322201608,0.4847389713461142
2016-01-13,-0.03513436549376703,0.05966810966810968,0.4192640692640693
2016-01-14,0.020212363024472824,0.05966810966810968,0.4192640692640693
2016-01-15,-0.028360700445573483,0.05966810966810968,0.4192640692640693
2016-01-19,0.010569466301629138,0.05966810966810968,0.4192640692640693
2016-01-20,-0.004759210169285155,0.05966810966810968,0.4192640692640693
2016-01-21,0.011654398826182577,0.11388888888888887,0.2111111111111111
2016-01-22,0.02640848623242742,0.11388888888888887,0.2111111111111111
2016-01-25,-0.01872460117200969,-0.046666666666666655,0.18333333333333335
2016-01-26,0.001925042551640166,0.06987441987441986,0.4081900081900083
2016-01-27,-0.01830190228127715,0.05858565927626704,0.4200719906244768
2016-01-28,0.04424353553970106,0.15080086580086582,0.36814574314574317
2016-01-29,0.016403072177865408,0.13923935946059837,0.3547431035041653
2016-02-01,0.012181153312909476,0.21945797258297253,0.45283940596440586
2016-02-02,0.01682184042553203,0.11686695673940578,0.43005930294195605
2016-02-03,-0.04930361710156694,-0.08012820512820512,0.30256410256410254
2016-02-04,-0.026054063810924122,0.09801587301587303,0.6630291005291005
2016-02-05,-0.034519290200430874,-0.04005157394046283,0.42127184543851187
2016-02-08,-0.0012142384708228038,-0.04005157394046283,0.42127184543851187
2016-02-09,-0.0067815055040207906,0.0,0.24166666666666667
2016-02-10,0.008862883799005017,0.09763124199743914,0.4310042070605453
2016-02-11,-0.0014763638066156437,0.025452492909389474,0.27641252425735174
2016-02-12,-0.001039307015838653,0.15454545454545454,0.40181818181818185
2016-02-16,0.01260254351925405,0.11833333333333335,0.25299999999999995
2016-02-17,0.025180931982633936,0.11833333333333335,0.25299999999999995
2016-02-18,-0.015598599132740976,0.11833333333333335,0.25299999999999995
2016-02-19,0.00510503638419868,0.11833333333333335,0.25299999999999995
2016-02-22,0.007918347881747057,0.0603030303030303,0.3154545454545455
2016-02-23,-0.015018607804533346,0.0603030303030303,0.3154545454545455
2016-02-24,0.005331640623639444,0.0603030303030303,0.3154545454545455
2016-02-25,0.008848421890469416,0.0603030303030303,0.3154545454545455
2016-02-26,-0.000963504073680399,0.0603030303030303,0.3154545454545455
2016-02-29,-0.010353563373175723,0.0603030303030303,0.3154545454545455
2016-03-01,0.030153169951325776,0.0603030303030303,0.3154545454545455
2016-03-02,5.561692256805806e-05,0.0603030303030303,0.3154545454545455
2016-03-03,-0.008944833017564102,0.0603030303030303,0.3154545454545455
2016-03-04,-0.002147564690082482,0.11383810935441371,0.3905283424305165
2016-03-07,-0.022127251287950678,0.21607142857142855,0.3928571428571428
2016-03-08,-0.0017118390675811002,0.23500000000000004,0.3983333333333333
2016-03-09,0.016239923153677838,0.23500000000000004,0.3983333333333333
2016-03-10,0.010748138374853111,0.23500000000000004,0.3983333333333333
2016-03-11,0.019640301706627117,0.20649350649350645,0.5025974025974025
2016-03-14,0.005049369809106086,0.20649350649350645,0.5025974025974025
2016-03-15,-0.002956882407108785,-1.1102230246251566e-17,0.13333333333333333
2016-03-16,0.010654524485979033,0.08205128205128205,0.3882149901380671
2016-03-17,0.0022959175345544924,0.08205128205128205,0.3882149901380671
2016-03-18,-0.00024404699628977067,0.06656008133280862,0.3622409156500065
2016-03-21,0.006087379536465765,-0.03333333333333333,0.2041666666666667
2016-03-22,-0.001805747215627207,-0.03333333333333333,0.2041666666666667
2016-03-23,-0.003631457306783603,-0.03333333333333333,0.2041666666666667
2016-03-24,-0.003739546930438098,-0.03333333333333333,0.2041666666666667
2016-03-28,-0.002407125022284018,-0.03333333333333333,0.2041666666666667
2016-03-29,0.015323150458234291,-0.03333333333333333,0.2041666666666667
2016-03-30,0.007733943157378853,0.10754361799816345,0.3928558310376491
2016-03-31,-0.007434768476132447,0.10754361799816345,0.3928558310376491
2016-04-01,0.006658112517756498,0.10754361799816345,0.3928558310376491
2016-04-04,-0.0061607328430609565,0.10754361799816345,0.3928558310376491
2016-04-05,-0.010049766159608842,0.10754361799816345,0.3928558310376491
2016-04-06,0.010693974150620233,0.10754361799816345,0.3928558310376491
2016-04-07,-0.007254989319274707,0.10754361799816345,0.3928558310376491
2016-04-08,-0.0015264561459620296,0.04300785634118968,0.516672278338945
2016-04-11,-0.004126426166496389,0.1242559523809524,0.455952380952381
2016-04-12,0.009496061986014714,0.1242559523809524,0.455952380952381
2016-04-13,0.01161359147133334,0.1242559523809524,0.455952380952381
2016-04-14,0.0019688727945210704,0.1242559523809524,0.455952380952381
2016-04-15,0.007700461905993716,0.1242559523809524,0.455952380952381
2016-04-18,0.010026330698287067,0.115874518999519,0.4840548340548339
2016-04-19,-0.016540342870697167,0.115874518999519,0.4840548340548339
2016-04-20,-0.001671255967661156,0.051341169379144076,0.40417420132609994
2016-04-21,0.008596107385884677,0.051341169379144076,0.40417420132609994
2016-04-22,-0.05317858919609186,0.007451811964007088,0.4045578315090512
2016-04-25,0.006093748873944316,0.12951101928374653,0.3933195592286501
2016-04-26,-0.020756424672399576,0.12951101928374653,0.3933195592286501
2016-04-27,-0.003247928306946646,0.11990810037420209,0.45490553232078645
2016-04-28,-0.020996268889692637,0.2166810322613894,0.47493635332921036
2016-04-29,0.0028797863193601447,-0.375,0.75
2016-05-02,0.007503516435498625,-0.375,0.75
2016-05-03,-0.008378620781241186,-0.375,0.75
2016-05-04,0.004824119059971599,0.05596669644288692,0.33724432533956333
2016-05-05,0.008236281301084558,0.05596669644288692,0.33724432533956333
2016-05-06,0.013814638804588553,0.1075,0.41
2016-05-09,0.0025031345096688806,0.1075,0.41
2016-05-10,0.014419930781205847,0.1075,0.41
2016-05-11,-0.010910167698734874,0.1075,0.41
2016-05-12,-0.002768080164545439,0.01048484848484847,0.30206060606060603
2016-05-13,-0.003476722612824057,0.01048484848484847,0.30206060606060603
2016-05-16,0.007962484510555035,0.11406926406926407,0.3242218099360957
2016-05-17,-0.014319823226002226,0.11406926406926407,0.3242218099360957
2016-05-18,0.0005664231359876482,0.11406926406926407,0.3242218099360957
2016-05-19,-0.008929705723435766,0.023020792338974156,0.42117440640167914
2016-05-20,0.01345096942232571,-0.009114583333333336,0.3166666666666666
2016-05-23,-0.007749316760353286,-0.009114583333333336,0.3166666666666666
2016-05-24,0.022506584722631118,-0.009114583333333336,0.3166666666666666
2016-05-25,0.007193535260557216,0.16958175505050507,0.407020202020202
2016-05-26,-0.001585650817332862,0.05719696969696971,0.24621212121212122
2016-05-27,0.011793595065690665,0.22727272727272727,0.5454545454545454
2016-05-31,0.004176559540260305,0.04385590599876314,0.374117192331478
2016-06-01,-0.0021338920538830353,0.0,0.22538461538461538
2016-06-02,-0.005107947800053414,0.03043585202676111,0.3990899252262888
2016-06-03,-0.011035044818125672,0.03043585202676111,0.3990899252262888
2016-06-06,-0.008015669606524445,0.19616883116883116,0.37925324675324673
2016-06-07,0.00013960784547539795,0.19616883116883116,0.37925324675324673
2016-06-08,0.016228290812141166,0.14003362708719852,0.449368042671614
2016-06-09,0.00041191298409204435,0.14003362708719852,0.449368042671614
2016-06-10,-0.012586186535500254,0.1482697947214076,0.5132649071358748
2016-06-13,-0.0014595127109811035,0.1482697947214076,0.5132649071358748
2016-06-14,-0.00012523665276242824,-0.006226808905380332,0.3955279839208411
2016-06-15,0.000904900638899031,-0.006226808905380332,0.3955279839208411
2016-06-16,-0.011906746512010735,-0.006226808905380332,0.3955279839208411
2016-06-17,-0.02624023649079832,-0.006226808905380332,0.3955279839208411
2016-06-20,0.002876960451384747,-0.006226808905380332,0.3955279839208411
2016-06-21,0.003214570828270258,-0.1875,0.4
2016-06-22,0.002184125061976294,-0.1875,0.4
2016-06-23,0.006322904339884916,-0.1875,0.4
2016-06-24,-0.037970028908273834,-0.1875,0.4
2016-06-27,-0.01030769423139588,-0.1875,0.4
2016-06-28,0.01762782124281248,-0.1875,0.4
2016-06-29,0.005984952549363154,-0.1875,0.4
2016-06-30,0.011679395382600655,-0.09791666666666665,0.16041666666666668
2016-07-01,0.010273148745203908,-0.09791666666666665,0.16041666666666668
2016-07-05,-0.0060926043191068535,-0.09791666666666665,0.16041666666666668
2016-07-06,0.0040578573297442855,-0.09791666666666665,0.16041666666666668
2016-07-07,-0.0034539102152885137,-0.09791666666666665,0.16041666666666668
2016-07-08,0.01476935719848771,-0.09791666666666665,0.16041666666666668
2016-07-11,0.013406490558745432,-0.09791666666666665,0.16041666666666668
2016-07-12,0.007761243746166935,-0.09791666666666665,0.16041666666666668
2016-07-13,-0.005078867289932676,0.2333333333333333,0.4166666666666667
2016-07-14,0.005537158792076724,0.2333333333333333,0.4166666666666667
2016-07-15,-0.001525814524849567,0.0035133565621370535,0.31562137049941913
2016-07-18,0.019351328005045465,0.0035133565621370535,0.31562137049941913
2016-07-19,0.0043337142935515605,0.0035133565621370535,0.31562137049941913
2016-07-20,0.005739768608506557,0.0035133565621370535,0.31562137049941913
2016-07-21,-0.003453901149627181,0.09423256959842324,0.44683665927568356
2016-07-22,0.005564335285837885,0.09423256959842324,0.44683665927568356
2016-07-25,-0.0039986671513405625,-0.06311111111111108,0.49844444444444436
2016-07-26,-0.0018249414865447733,-0.06311111111111108,0.49844444444444436
2016-07-27,0.0045367637349003065,-0.06311111111111108,0.49844444444444436
2016-07-28,0.005581181347825259,-0.06311111111111108,0.49844444444444436
2016-07-29,0.030673949710014137,0.14949440496610314,0.4779882381769176
2016-08-01,0.0053200836600915125,0.0749511667194594,0.3105242318656952
2016-08-02,-0.0023418874706170323,0.01948051948051948,0.2792207792207792
2016-08-03,0.002736438949569875,0.025558616467707372,0.27529078665442297
2016-08-04,-0.0020305853930703277,0.025558616467707372,0.27529078665442297
2016-08-05,0.013750451920344187,0.025558616467707372,0.27529078665442297
2016-08-08,-0.0005880200161751947,0.025558616467707372,0.27529078665442297
2016-08-09,0.0031979123618768313,0.025558616467707372,0.27529078665442297
2016-08-10,0.0005355150009498377,0.025558616467707372,0.27529078665442297
2016-08-11,0.00021662716204873256,0.025558616467707372,0.27529078665442297
2016-08-12,-0.0020768364016615637,0.10123873873873873,0.30766789516789517
2016-08-15,-0.0009958492235638827,0.10123873873873873,0.30766789516789517
2016-08-16,-0.006773665695072539,0.10123873873873873,0.30766789516789517
2016-08-17,0.0035642972264142703,0.10123873873873873,0.30766789516789517
2016-08-18,-0.0030900656273568083,0.0654184704184704,0.3744769119769119
2016-08-19,-0.0026752630225080898,0.0654184704184704,0.3744769119769119
2016-08-22,-0.004217016677012797,0.0654184704184704,0.3744769119769119
2016-08-23,-9.066502340748794e-05,0.25,0.5416666666666666
2016-08-24,-0.003160296790844064,0.25,0.5416666666666666
2016-08-25,-0.00029889558172213615,0.25,0.5416666666666666
2016-08-26,0.000168967136587872,0.25,0.5416666666666666
2016-08-29,0.0033916964350355627,0.25,0.5416666666666666
2016-08-30,-0.003962956556224917,0.25,0.5416666666666666
2016-08-31,-0.0026525360209878057,0.08387445887445888,0.5061688311688312
2016-09-01,0.0022554475289295883,0.08387445887445888,0.5061688311688312
2016-09-02,0.003486033584256809,0.08387445887445888,0.5061688311688312
2016-09-06,0.01117361205270595,0.05449035812672176,0.34044765840220387
2016-09-07,0.00034606578058249404,0.05449035812672176,0.34044765840220387
2016-09-08,-0.006445786063559722,0.05449035812672176,0.34044765840220387
2016-09-09,-0.020198155417908592,0.09761904761904762,0.29047619047619044
2016-09-12,0.012321363942654484,0.09761904761904762,0.29047619047619044
2016-09-13,-0.012132347347732386,-0.025,0.45
2016-09-14,0.0036856981040012116,-0.025,0.45
2016-09-15,0.012157562881579542,0.009353741496598641,0.35153061224489796
2016-09-16,-0.0037317365018693094,0.008681765389082462,0.31797328687572585
2016-09-19,-0.004135876832952579,0.008681765389082462,0.31797328687572585
2016-09-20,0.007457177628985123,0.008681765389082462,0.31797328687572585
2016-09-21,0.006235332920695891,0.008681765389082462,0.31797328687572585
2016-09-22,0.01415842339877127,0.008681765389082462,0.31797328687572585
2016-09-23,-0.0003937932588972126,0.008681765389082462,0.31797328687572585
2016-09-26,-0.016126574676531003,0.008681765389082462,0.31797328687572585
2016-09-27,0.011366409307473457,0.1333951762523191,0.46948051948051955
2016-09-28,-0.0018518435032521818,0.0,0.16666666666666666
2016-09-29,-0.008380659215877717,0.005340089203725567,0.4733799029253574
2016-09-30,0.00294185619615428,0.005340089203725567,0.4733799029253574
2016-10-03,-0.006085219331105174,0.005340089203725567,0.4733799029253574
2016-10-04,0.005009313205470711,0.005340089203725567,0.4733799029253574
2016-10-05,5.1489510143110095e-05,0.005340089203725567,0.4733799029253574
2016-10-06,0.0005022911568590693,0.005340089203725567,0.4733799029253574
2016-10-07,-0.002291233986005725,0.0706029594187489,0.45829789119262804
2016-10-10,0.014011437221713274,0.0706029594187489,0.45829789119262804
2016-10-11,-0.0036516718740572385,0.27692307692307694,0.3153846153846154
2016-10-12,0.003920477061509997,0.06195728471152207,0.3386738246060281
2016-10-13,-0.010112718915599395,0.06195728471152207,0.3386738246060281
2016-10-14,0.00043694598893107006,0.06195728471152207,0.3386738246060281
2016-10-17,0.0018367859256973595,0.06195728471152207,0.3386738246060281
2016-10-18,0.019616374645417434,0.06195728471152207,0.3386738246060281
2016-10-19,0.007846477782782024,0.06195728471152207,0.3386738246060281
2016-10-20,-0.0056519388646288915,0.06195728471152207,0.3386738246060281
2016-10-21,0.0030114359227217946,0.07163120567375887,0.499645390070922
2016-10-24,0.017188523569739322,0.07163120567375887,0.499645390070922
2016-10-25,-0.006690364280792727,0.07163120567375887,0.499645390070922
2016-10-26,-0.010647883641851208,0.07163120567375887,0.499645390070922
2016-10-27,-0.004655450670669525,0.1638888888888889,0.48055555555555557
2016-10-28,2.5170051680456496e-05,0.010598169191919192,0.4930239898989899
2016-10-31,-0.013616325820789865,0.010598169191919192,0.4930239898989899
2016-11-01,-0.0011853991206042247,0.010598169191919192,0.4930239898989899
2016-11-02,-0.0190272881732102,0.010598169191919192,0.4930239898989899
2016-11-03,-0.008546906332037363,0.010598169191919192,0.4930239898989899
2016-11-04,-0.00014431264912595498,-0.029336734693877563,0.3847789115646258
2016-11-07,0.02690218033904146,-0.029336734693877563,0.3847789115646258
2016-11-08,0.010210588605771287,-0.015476190476190473,0.09047619047619047
2016-11-09,-0.006578047000315501,-0.015476190476190473,0.09047619047619047
2016-11-10,-0.028969451627941734,-0.015476190476190473,0.09047619047619047
2016-11-11,-0.011199089937051765,-0.11007751937984496,0.32170542635658905
2016-11-14,-0.02379247569580456,-0.11007751937984496,0.32170542635658905
2016-11-15,0.030445022935597477,0.004140239605355883,0.6084390415785764
2016-11-16,0.00789725649510542,0.017708333333333343,0.36388888888888893
2016-11-17,0.008829531415590397,,
2016-11-18,-0.013860978277841274,,
2016-11-21,0.011386691364697832,,
2016-11-22,-0.0012090379426566988,,
2016-11-23,-0.009475874120403627,,
2016-11-25,0.0009067175771917402,,
2016-11-28,0.008612536839995633,,
2016-11-29,0.003384407260548894,,
2016-11-30,-0.016605324777718034,,
2016-12-01,-0.013350212777300308,,
2016-12-02,0.003449589606699943,,
2016-12-05,0.01601601598934055,,
2016-12-06,-0.004472059631955738,,
2016-12-07,0.015913394947637327,,
2016-12-08,0.006781702286643654,,
2016-12-09,0.01657607387985016,,
2016-12-12,-2.528601725126922e-05,,
2016-12-13,0.008653509986354058,,
2016-12-14,0.0012184788710507544,,
2016-12-15,0.0009785451630974773,,
2016-12-16,-0.00883623264030775,,
2016-12-19,0.004299474015672322,,
2016-12-20,0.002795229119185727,,
2016-12-21,-0.00233543235943634,,
2016-12-22,-0.004153226953668154,,
2016-12-23,-0.0017061863141547562,,
2016-12-27,0.002076204955067551,,
2016-12-28,-0.008211736590917562,,
2016-12-29,-0.002878810310866453,,
2016-12-30,-0.014013938998079456,,
