Date,MSFT,Polarity,Subjectivity
2012-01-03,0.0,0.03500000000000001,0.525
2012-01-04,0.023533744574043336,0.10771701388888891,0.5444965277777779
2012-01-05,0.010219022127443411,0.09678609776050727,0.4655512095079027
2012-01-06,0.015534687194262542,0.09678609776050727,0.4655512095079027
2012-01-09,-0.013162603764879766,0.07759232954545456,0.4227035984848484
2012-01-10,0.0036049330048217865,0.09572510822510825,0.35412878787878777
2012-01-11,-0.004310380971159877,0.09769762845849804,0.46555171277997365
2012-01-12,0.010101011785500491,0.10079545454545454,0.5078896103896102
2012-01-13,0.008928605332398698,0.10079545454545454,0.5078896103896102
2012-01-17,0.0003539852695000345,0.10079545454545454,0.5078896103896102
2012-01-18,-0.0010616209192974013,0.12009458621300721,0.44067428672691816
2012-01-19,-0.003896514923745098,0.12009458621300721,0.44067428672691816
2012-01-20,0.05654332527591599,0.12009458621300721,0.44067428672691816
2012-01-23,0.0006731796977466065,0.12009458621300721,0.44067428672691816
2012-01-24,-0.013118017728330433,0.12009458621300721,0.44067428672691816
2012-01-25,0.007498279973415345,0.12009458621300721,0.44067428672691816
2012-01-26,-0.002029787020927709,0.12009458621300721,0.44067428672691816
2012-01-27,-0.009152541111296375,0.1399790887079022,0.4090466736653178
2012-01-30,0.013000372521410064,0.1399790887079022,0.4090466736653178
2012-01-31,-0.0027017735777682406,0.1399790887079022,0.4090466736653178
2012-02-01,0.012190937768507881,0.1399790887079022,0.4090466736653178
2012-02-02,0.0020074159052649865,0.1399790887079022,0.4090466736653178
2012-02-03,0.009682769991323337,0.1399790887079022,0.4090466736653178
2012-02-06,-0.0013227242271898199,0.1399790887079022,0.4090466736653178
2012-02-07,0.004966890775127464,0.16151515151515153,0.5794949494949494
2012-02-08,0.010214139370987363,0.16151515151515153,0.5794949494949494
2012-02-09,0.0035877666215917703,0.10509428782599511,0.44700263963678605
2012-02-10,-0.008774816565657817,0.10509428782599511,0.44700263963678605
2012-02-13,0.002622972883468133,0.10509428782599511,0.44700263963678605
2012-02-14,-0.0042791840503403344,0.10509428782599511,0.44700263963678605
2012-02-15,-0.006611614601231164,0.10509428782599511,0.44700263963678605
2012-02-16,0.041264616130768594,0.1675,0.32500000000000007
2012-02-17,-0.0012783795958876132,0.13762626262626262,0.4594486531986531
2012-02-21,0.006080002245538951,0.13762626262626262,0.4594486531986531
2012-02-22,-0.00540711897892987,0.01169379915858789,0.31617137166432957
2012-02-23,0.003197956397952284,0.01684948979591838,0.4149744897959183
2012-02-24,0.0035065053418503744,0.01684948979591838,0.4149744897959183
2012-02-27,-0.004129584665785946,0.09770894889942508,0.47392232987471056
2012-02-28,0.016586945272218045,0.11741968769901727,0.35686919226025327
2012-02-29,-0.004079121924244533,0.11083562515915454,0.4240781342840164
2012-03-01,0.01732832776184079,0.03979915433403809,0.4429351656095839
2012-03-02,-0.0065035357399880755,0.03979915433403809,0.4429351656095839
2012-03-05,-0.008728252156044336,-0.13333333333333333,0.18333333333333335
2012-03-06,-0.007547155778289127,0.050853432282003716,0.414647495361781
2012-03-07,0.008871991428244241,0.11912309368191722,0.4538834422657952
2012-03-08,0.005339154416868608,0.11912309368191722,0.4538834422657952
2012-03-09,-0.0006247408345967376,0.11015889413616686,0.47865513274604193
2012-03-12,0.0015630078990578333,0.11015889413616686,0.47865513274604193
2012-03-13,0.01966284333900381,0.11015889413616686,0.47865513274604193
2012-03-14,0.003060985589495191,0.11015889413616686,0.47865513274604193
2012-03-15,0.0024411825039418744,0.11015889413616686,0.47865513274604193
2012-03-16,-0.007610340447459785,0.11015889413616686,0.47865513274604193
2012-03-19,-0.012269880745200301,0.09696969696969697,0.3803030303030302
2012-03-20,-0.006521748974563257,0.09696969696969697,0.3803030303030302
2012-03-21,-0.0025008126384925555,0.2464285714285714,0.444047619047619
2012-03-22,0.0028204676795238193,-0.026185770750988137,0.5398880105401845
2012-03-23,0.0003124321331064994,-0.026185770750988137,0.5398880105401845
2012-03-26,0.018119385182996828,0.06512481962481963,0.3904209441352301
2012-03-27,-0.0021478896857892726,0.05478219696969699,0.3089962121212121
2012-03-28,-0.010147657332237325,0.11254673356946082,0.3364423455332546
2012-03-29,-0.002174579938416632,0.13444444444444448,0.3411111111111111
2012-03-30,0.0043586380837692396,0.13444444444444448,0.3411111111111111
2012-04-02,0.0009300270324252846,-0.00901704397606038,0.3352855841790269
2012-04-03,-0.010839261789829857,-0.03364779874213837,0.34528301886792445
2012-04-04,-0.0228554223718892,0.11806694767221085,0.37114630009366845
2012-04-05,0.009932764533871152,0.11806694767221085,0.37114630009366845
2012-04-09,-0.013324856963999543,0.11806694767221085,0.37114630009366845
2012-04-10,-0.020257265245564815,0.0663594470046083,0.4111879160266257
2012-04-11,-0.00393827372573663,0.08993661100803962,0.49459272020496503
2012-04-12,0.020757781084816962,0.11751954513148541,0.4549395877754084
2012-04-13,-0.005487405646533938,0.11059082892416225,0.3726410934744268
2012-04-16,0.008763423379948065,0.0,0.022222222222222223
2012-04-17,0.011583008017297836,0.0,0.022222222222222223
2012-04-18,-0.009542030519466893,0.10840094873973381,0.41489450580572074
2012-04-19,-0.0041746364959615034,0.10840094873973381,0.41489450580572074
2012-04-20,0.04546910269005133,0.14308635419616733,0.401279618616067
2012-04-23,-0.009253521544744792,0.12075154489276636,0.38421937477280993
2012-04-24,-0.0062265849828623265,0.1694444444444444,0.5138888888888888
2012-04-25,0.00877193108662011,0.18967023172905545,0.499233511586453
2012-04-26,-0.002795030181113156,0.18967023172905545,0.499233511586453
2012-04-27,-0.004048633372595645,0.18967023172905545,0.499233511586453
2012-04-30,0.001250833266557061,0.18967023172905545,0.499233511586453
2012-05-01,-0.0003123804079111503,0.18814765300059424,0.47025252525252564
2012-05-02,-0.006560424379010055,0.06514796788052604,0.39019404153125115
2012-05-03,-0.001257841244180602,0.17499937801661944,0.48995117430462254
2012-05-04,-0.024559211050726892,0.056874999999999995,0.19124999999999998
2012-05-07,-0.010652018365620464,0.056874999999999995,0.19124999999999998
2012-05-08,-0.004893950239470035,0.056874999999999995,0.19124999999999998
2012-05-09,0.00852458344985485,0.056874999999999995,0.19124999999999998
2012-05-10,-0.0006502031642275918,0.07807239057239058,0.3992977392977394
2012-05-11,0.013663000874797104,0.015818903318903312,0.2854677729677731
2012-05-14,-0.015404372185107373,0.015818903318903312,0.2854677729677731
2012-05-15,-0.008858261712741178,0.1129769921436588,0.3510549943883277
2012-05-16,-0.010261490203013812,0.09349862258953168,0.2346418732782369
2012-05-17,-0.006020075412405568,0.13935860058309035,0.45189504373177825
2012-05-18,-0.015141282973843762,0.13935860058309035,0.45189504373177825
2012-05-21,0.01639904016720073,0.0303030303030303,0.26397306397306397
2012-05-22,0.00033613279127786555,0.0303030303030303,0.26397306397306397
2012-05-23,-0.021841366514938176,0.0303030303030303,0.26397306397306397
2012-05-24,-0.001374130593697953,0.07997929606625262,0.3821739130434782
2012-05-25,-0.00034399554732345017,0.08351449275362319,0.4574275362318841
2012-05-29,0.017205774551097397,0.0822709857192616,0.3908394287704631
2012-05-30,-0.0074424916786866024,0.0822709857192616,0.3908394287704631
2012-05-31,-0.005112449195752933,0.0822709857192616,0.3908394287704631
2012-06-01,-0.025351139072329998,0.01938780326630796,0.3517322760313415
2012-06-04,0.0035148809214762267,0.08768492377188032,0.423863479515654
2012-06-05,-0.0014010039509533279,0.09027777777777783,0.46111111111111125
2012-06-06,0.029463360058981758,0.1402376033057852,0.36101928374655623
2012-06-07,-0.00408864341845816,0.1402376033057852,0.36101928374655623
2012-06-08,0.014368806574961202,0.08091787439613526,0.4101449275362318
2012-06-11,-0.025295100464975295,0.09613877806275926,0.4477832625403156
2012-06-12,0.013494861516401668,0.11787891906073726,0.43128627180899914
2012-06-13,-0.005462665883292694,0.08613636363636364,0.46337121212121196
2012-06-14,0.007209066410863496,0.08613636363636364,0.46337121212121196
2012-06-15,0.023176591859929818,0.10250229182582128,0.48231219923866997
2012-06-18,-0.005996048811746424,0.13128150416502696,0.49161399522194976
2012-06-19,0.028820424346190254,0.12799682088744585,0.46954099986551984
2012-06-20,0.007491819378049991,0.12368036568694475,0.45663341592617945
2012-06-21,-0.025541566719703424,0.16254939209726452,0.5075396825396825
2012-06-22,0.018580020154505883,0.08385331143951837,0.3523125342090861
2012-06-25,-0.027035844633425787,0.08385331143951837,0.3523125342090861
2012-06-26,0.005021774221480202,0.09111111111111113,0.3153055555555555
2012-06-27,0.004996644016708185,0.02872168284789642,0.3693365695792881
2012-06-28,-0.008617827409048817,0.06465083798882681,0.41952048417132215
2012-06-29,0.02273487297627308,0.06465083798882681,0.41952048417132215
2012-07-02,-0.000980745075412015,-0.03152524167561763,0.33161888237076204
2012-07-03,0.006544545023074555,0.03307190898817119,0.3675022303299006
2012-07-05,-0.0019505754831773414,0.07681103968982758,0.4943691970207123
2012-07-06,-0.01661240660537111,0.04266023990693595,0.4629030233105125
2012-07-09,-0.0062934812932771145,0.1456704703063926,0.45815838692052285
2012-07-10,-0.00866666185065057,0.12016605665612272,0.426017763203194
2012-07-11,-0.014794930899701741,0.12016605665612272,0.426017763203194
2012-07-12,-0.02286689882166515,0.12016605665612272,0.426017763203194
2012-07-13,0.026545610836379296,0.12016605665612272,0.426017763203194
2012-07-16,0.0017012893565793163,0.12016605665612272,0.426017763203194
2012-07-17,0.00747278902708759,0.0913026367571822,0.36025186934277853
2012-07-18,0.0266352600944888,0.1709508881922675,0.38947230929989546
2012-07-19,0.007224922953733781,0.10173580301685889,0.41457600629184477
2012-07-20,-0.01793281906681221,0.1456533639971139,0.44627719155844175
2012-07-23,-0.027888421471589875,0.04904817404817405,0.27432012432012437
2012-07-24,-0.004439946483633217,0.04904817404817405,0.27432012432012437
2012-07-25,-0.010977686549553,0.04904817404817405,0.27432012432012437
2012-07-26,0.011446392945294814,0.04904817404817405,0.27432012432012437
2012-07-27,0.02057614762357063,0.15049221748826494,0.4275753012907163
2012-07-30,-0.004032276455679273,0.15049221748826494,0.4275753012907163
2012-07-31,-0.005735502808564608,0.15049221748826494,0.4275753012907163
2012-08-01,-0.0020359587739443574,0.1422012331103241,0.42496523678341847
2012-08-02,-0.007480411981535373,0.05625,0.4
2012-08-03,0.0191846352233207,0.05625,0.4
2012-08-06,0.00672273250692812,0.05625,0.4
2012-08-07,0.010350532667186885,0.27662337662337666,0.27029220779220775
2012-08-08,0.002313273441556074,0.11421428571428571,0.4292380952380953
2012-08-09,0.00560502153367759,0.11421428571428571,0.4292380952380953
2012-08-10,-0.00262293787142176,0.11421428571428571,0.4292380952380953
2012-08-13,-0.00098622590895181,0.11421428571428571,0.4292380952380953
2012-08-14,-0.0019874605919654176,0.05542502951593861,0.45104158467794825
2012-08-15,0.0023233089979530774,0.05542502951593861,0.45104158467794825
2012-08-16,0.019205294758127378,0.019385363064608356,0.32145225843339037
2012-08-17,0.0038986183265139474,0.019385363064608356,0.32145225843339037
2012-08-20,-0.005177995283910719,0.21449290751177547,0.369800157913365
2012-08-21,0.0019518272807950154,0.11458529741863079,0.43473288439955116
2012-08-22,-0.008441478769929844,0.16349911952454324,0.5449337075354023
2012-08-23,-0.00916832505167342,0.16349911952454324,0.5449337075354023
2012-08-24,0.009914052968714726,0.1584989036937089,0.45347191769269685
2012-08-27,0.004253942025704394,0.1584989036937089,0.45347191769269685
2012-08-28,-0.0019550809878786657,0.1584989036937089,0.45347191769269685
2012-08-29,0.0006529826037533493,0.1584989036937089,0.45347191769269685
2012-08-30,-0.010766720054963819,0.134534460248746,0.42889919604205323
2012-08-31,0.016490761375107077,0.19177168234064773,0.48248989898989897
2012-09-04,-0.013951970191873664,0.10703992501123648,0.4198145388309323
2012-09-05,0.0,0.10703992501123648,0.4198145388309323
2012-09-06,0.03158934905162081,0.08362922150800946,0.3981851341699825
2012-09-07,-0.012759138602361775,-0.039371980676328515,0.3806763285024154
2012-09-10,-0.007431384202991609,-0.039371980676328515,0.3806763285024154
2012-09-11,0.002278688086194691,-0.039371980676328515,0.3806763285024154
2012-09-12,-0.0003248130687173445,-0.039371980676328515,0.3806763285024154
2012-09-13,0.005198182311219046,-0.039371980676328515,0.3806763285024154
2012-09-14,0.008726519989358472,-0.039371980676328515,0.3806763285024154
2012-09-17,0.0,-0.039371980676328515,0.3806763285024154
2012-09-18,-0.0009611808066636307,-0.039371980676328515,0.3806763285024154
2012-09-19,-0.0041693542739507095,-0.039371980676328515,0.3806763285024154
2012-09-20,0.012882488448655138,-0.039371980676328515,0.3806763285024154
2012-09-21,-0.008267120062287914,-0.039371980676328515,0.3806763285024154
2012-09-24,-0.01314523855576244,0.08084338964869936,0.4275335210512203
2012-09-25,-0.012670573985321343,0.08084338964869936,0.4275335210512203
2012-09-26,-0.007239235145889644,0.08084338964869936,0.4275335210512203
2012-09-27,-0.0003314505066647211,0.08084338964869936,0.4275335210512203
2012-09-28,-0.013262566383464569,0.06961654553397674,0.3847382739584574
2012-10-01,-0.0090726072059375,0.12167976056864946,0.4271698466142912
2012-10-02,0.0057646630959082845,0.07199717396098092,0.4508058273272753
2012-10-03,0.006743109690535931,0.0625,0.44930555555555557
2012-10-04,0.005693232136002591,0.0625,0.44930555555555557
2012-10-05,-0.005993998454899674,0.0992537313432836,0.3890547263681591
2012-10-08,-0.0023450640948503576,0.012830165004078038,0.2991969383273732
2012-10-09,-0.016789787564608027,0.012830165004078038,0.2991969383273732
2012-10-10,-0.01024595318614685,0.063251452930352,0.3568565735996927
2012-10-11,-0.0010351432987647513,0.22289369889369892,0.5105839345839347
2012-10-12,0.008635576352937102,0.22289369889369892,0.5105839345839347
2012-10-15,0.01061644650272009,0.11060606060606061,0.4325757575757574
2012-10-16,-0.0006777653640893666,0.05115112160566708,0.43269710087891883
2012-10-17,0.003390971510974783,0.06397986071899116,0.42217752054708557
2012-10-18,-0.0030415643442541773,0.050508300508300526,0.44388238888238873
2012-10-19,-0.02915256177376535,0.011776546082904496,0.4076230652242217
2012-10-22,-0.022346337107646663,0.11137407913723699,0.42542578035999074
2012-10-23,0.0017856895707879517,0.0,0.0
2012-10-24,-0.0053476004957004886,0.11674519695180843,0.43915137204393484
2012-10-25,-0.0007168359793989776,0.09212941649975229,0.4335273039564094
2012-10-26,0.011836440902536438,0.08566207441207437,0.4642058129558135
2012-10-31,0.011698018639306307,0.19348038020960262,0.5288035467660142
2012-11-01,0.03433777218862866,0.19348038020960262,0.5288035467660142
2012-11-02,-0.0006775357719578379,0.03549771167048051,0.45819167483927165
2012-11-05,0.004406757135158257,0.13046923783287417,0.42487281910009184
2012-11-06,0.007762448775922692,0.06407228017883757,0.5069349230004965
2012-11-07,-0.0261219198753484,0.05399955436720142,0.317825311942959
2012-11-08,-0.009284759203310622,0.06444862155388467,0.4478237259816205
2012-11-09,0.0006942331490644715,0.013126433416288486,0.3644427365441856
2012-11-12,-0.02115853713897431,0.013126433416288486,0.3644427365441856
2012-11-13,-0.0321543172087736,0.06670339440510595,0.42695577988976596
2012-11-14,-0.009228497508702693,0.04702836445260689,0.451436806739837
2012-11-15,-0.006706428377792117,0.19855519480519493,0.5260768398268397
2012-11-16,-0.005251272411052388,0.12508951953396402,0.4275078830634385
2012-11-19,0.007918533147780682,-0.053125,0.6465277777777777
2012-11-20,-0.0007482532348626059,-0.053125,0.6465277777777777
2012-11-21,0.00898546790074195,-0.038329831932773104,0.42910364145658275
2012-11-23,0.027829312150923213,0.032638888888888884,0.23611111111111108
2012-11-26,-0.011191382260757776,0.032638888888888884,0.23611111111111108
2012-11-27,-0.011318005816507992,0.1555247904405209,0.42413813090779373
2012-11-28,0.010339778995550608,0.12714416896235078,0.39041322314049604
2012-11-29,-0.01498536966729791,0.1222988672669184,0.4211879175137964
2012-11-30,-0.012244892342056946,0.12070707070707071,0.26161616161616164
2012-12-03,-0.00713752567549808,0.04517316017316017,0.38192640692640684
2012-12-04,-0.0022701117935975956,0.04517316017316017,0.38192640692640684
2012-12-05,0.01137651249337357,0.04517316017316017,0.38192640692640684
2012-12-06,0.0022497255162936547,0.04517316017316017,0.38192640692640684
2012-12-07,-0.010101040255317884,-0.04538352272727273,0.35887784090909086
2012-12-10,0.018140644276436246,0.1181579575280363,0.46375737123768623
2012-12-11,0.014105405606442911,0.1181579575280363,0.46375737123768623
2012-12-12,-0.00292829382558335,0.026102941176470586,0.40355392156862735
2012-12-13,-0.004772339147997129,0.026102941176470586,0.40355392156862735
2012-12-14,-0.011066060021218349,0.026102941176470586,0.40355392156862735
2012-12-17,0.010816877753376586,0.026102941176470586,0.40355392156862735
2012-12-18,0.01697415107160749,0.026102941176470586,0.40355392156862735
2012-12-19,-0.009071117502496562,0.07278138528138527,0.31601731601731603
2012-12-20,0.013548163940302338,0.07278138528138527,0.31601731601731603
2012-12-21,-0.00830921915874605,0.07278138528138527,0.31601731601731603
2012-12-24,-0.0142076921562021,0.07278138528138527,0.31601731601731603
2012-12-26,-0.007390949724911944,0.23433381433381426,0.5340404040404039
2012-12-27,0.003722949461363756,0.23433381433381426,0.5340404040404039
2012-12-28,-0.015207705407491168,0.23433381433381426,0.5340404040404039
2012-12-31,0.006026355239930226,-0.042708333333333334,0.4145833333333333
2013-01-02,0.03406971152753746,-0.042708333333333334,0.4145833333333333
2013-01-03,-0.013396142782974296,-0.042708333333333334,0.4145833333333333
2013-01-04,-0.01871561117804288,0.14138644509612255,0.41463855141274497
2013-01-07,-0.0018698074825839184,0.14138644509612255,0.41463855141274497
2013-01-08,-0.0052454538740048795,0.14138644509612255,0.41463855141274497
2013-01-09,0.005649776825645381,0.06531975600157416,0.39836383313656026
2013-01-10,-0.008988832624059695,0.08367689357622243,0.39787036229989237
2013-01-11,0.01398338497962559,0.049506500794379606,0.4720341218826068
2013-01-14,0.0022363093598425365,0.08986918161203873,0.40186749123891996
2013-01-15,0.01190031461495411,0.08986918161203873,0.40186749123891996
2013-01-16,-0.006247625511565658,0.08986918161203873,0.40186749123891996
2013-01-17,0.007766211872205275,0.08986918161203873,0.40186749123891996
2013-01-18,0.0,0.08986918161203873,0.40186749123891996
2013-01-22,-0.0036697082731225183,0.08986918161203873,0.40186749123891996
2013-01-23,0.01694293266164104,0.05986710539740842,0.4216763595551473
2013-01-24,0.0007243230943421164,0.05986710539740842,0.4216763595551473
2013-01-25,0.00904813620174183,0.09051687083601985,0.3995459918332258
2013-01-28,0.0010760434109926553,0.1678601254388654,0.41972707956959965
2013-01-29,0.003582969376659584,0.1678601254388654,0.41972707956959965
2013-01-30,-0.0057122359141155155,0.17084821428571423,0.4221475919913421
2013-01-31,-0.014362632530651287,0.11044823232323231,0.330602904040404
2013-02-01,0.017486308459503164,0.10550278908487862,0.36057590833710224
2013-02-04,-0.01754384482398763,0.15420645530939653,0.37217978100331034
2013-02-05,0.00218655444115079,0.0,0.0
2013-02-06,-0.005818172009656619,0.0942128382335076,0.43346042900668863
2013-02-07,-0.0021945521337779494,-0.014880952380952382,0.41964285714285715
2013-02-08,0.009897307529431076,0.08385225885225886,0.35326383018690694
2013-02-11,0.011252316016180597,0.08385225885225886,0.35326383018690694
2013-02-12,0.0007178234257645411,0.08385225885225886,0.35326383018690694
2013-02-13,0.005380257366783381,0.17624195624195627,0.40450450450450454
2013-02-14,0.0003567750327726493,0.08715041572184427,0.5892668178382463
2013-02-15,-0.0010699433692369364,0.08715041572184427,0.5892668178382463
2013-02-19,0.009719211196081767,0.08715041572184427,0.5892668178382463
2013-02-20,-0.0064170916864479954,-0.021560196560196577,0.4693488943488941
2013-02-21,-0.013634746377959361,0.11203649215367972,0.4175695571789321
2013-02-22,0.009821782570048176,0.0016457680250783718,0.3767502612330198
2013-02-25,-0.014048992569490215,0.1,0.445
2013-02-26,0.0,0.1895675227937798,0.4355913081332078
2013-02-27,0.016075934370719525,0.17215029761904763,0.4052232142857143
2013-02-28,-0.0003595706043194591,0.09266666666666669,0.36716666666666653
2013-03-01,0.005395739702822144,0.10454545454545455,0.18787878787878787
2013-03-04,0.0071555896171946465,0.10454545454545455,0.18787878787878787
2013-03-05,0.0071048301298299865,0.05292414591777652,0.3755804863925883
2013-03-06,-0.00917107666986905,0.05292414591777652,0.3755804863925883
2013-03-07,0.001779931993939332,0.08274815462315462,0.3833503302253301
2013-03-08,-0.004975073336550895,0.15000000000000005,0.39
2013-03-11,-0.0046428576120399745,0.15000000000000005,0.39
2013-03-12,0.0014352259357985897,0.15000000000000005,0.39
2013-03-13,0.0003582822691572396,0.15000000000000005,0.39
2013-03-14,0.007879626418003882,0.07777777777777779,0.18888888888888888
2013-03-15,-0.0035535785416476173,0.07777777777777779,0.18888888888888888
2013-03-18,0.0021397667989304647,0.07777777777777779,0.18888888888888888
2013-03-19,0.0028469967439093136,-0.0012459928627593325,0.4586266860218958
2013-03-20,0.0049680111377874425,0.06313328086055359,0.39591982711599943
2013-03-21,-0.007415197699507936,0.06313328086055359,0.39591982711599943
2013-03-22,0.004980382534237826,0.06313328086055359,0.39591982711599943
2013-03-25,-0.0031858502195850624,0.034111952861952864,0.32535774410774404
2013-03-26,0.0,0.034111952861952864,0.32535774410774404
2013-03-27,0.007457448282776946,0.19642857142857142,0.33214285714285713
2013-03-28,0.008459625992835562,0.08636855568673751,0.3171700773973501
2013-04-01,0.0,0.08636855568673751,0.3171700773973501
2013-04-02,0.0066410022336542696,0.12995798319327725,0.4070588235294117
2013-04-03,-0.008333358168169047,0.12995798319327725,0.4070588235294117
2013-04-04,0.0014005904523410884,0.12995798319327725,0.4070588235294117
2013-04-05,0.0034965398815969273,0.12995798319327725,0.4070588235294117
2013-04-08,-0.0038327768230196346,0.12995798319327725,0.4070588235294117
2013-04-09,0.035676837810927786,-0.07936507936507937,0.35912698412698413
2013-04-10,0.022627469315661175,0.07726275917065399,0.43501224652540454
2013-04-11,-0.04425362865177418,0.11467961747531644,0.43073401906735265
2013-04-12,-0.005183114314923021,0.12012786596119929,0.4984347442680778
2013-04-15,-0.003473464260823289,0.12012786596119929,0.4984347442680778
2013-04-16,0.009759475224039305,0.12012786596119929,0.4984347442680778
2013-04-17,-0.0048325742236160485,0.03269230769230769,0.24551282051282047
2013-04-18,-0.0013873962144775875,0.04696933920074416,0.35943275732531926
2013-04-19,0.034039554841836406,0.11983821263482282,0.4693759630200309
2013-04-22,0.03560629604030008,0.1235736485736486,0.37621822621822654
2013-04-23,-0.007460228013497994,0.05516305916305916,0.4479600082457224
2013-04-24,0.037908475018704424,0.05516305916305916,0.4479600082457224
2013-04-25,0.00566752313824459,0.15111518915866737,0.3974543572369658
2013-04-26,-0.004696284550682939,0.15111518915866737,0.3974543572369658
2013-04-29,0.025794268785686914,0.14913085928408518,0.45630029558255386
2013-04-30,0.015025995856085883,0.14913085928408518,0.45630029558255386
2013-05-01,-0.011480273597354262,0.14913085928408518,0.45630029558255386
2013-05-02,0.013447381162921879,0.14913085928408518,0.45630029558255386
2013-05-03,0.00995181225978703,0.14913085928408518,0.45630029558255386
2013-05-06,0.007763445306605554,-0.07777777777777779,0.14444444444444446
2013-05-07,-0.013036987716558701,0.09780701754385963,0.26184210526315793
2013-05-08,-0.009606730473723402,0.04062587495423317,0.41518543645409306
2013-05-09,-0.010003094301315962,0.11370733368396928,0.43306192768809587
2013-05-10,0.0009185234260675745,0.17204585537918876,0.3995149911816579
2013-05-13,0.010400754248615529,0.17204585537918876,0.3995149911816579
2013-05-14,0.022256108004039543,0.17204585537918876,0.3995149911816579
2013-05-15,0.00954366313200472,0.1122159090909091,0.428219696969697
2013-05-16,0.006794782493875218,0.1122159090909091,0.428219696969697
2013-05-17,0.02318065250564927,0.1122159090909091,0.428219696969697
2013-05-20,0.006022479559989025,0.1122159090909091,0.428219696969697
2013-05-21,-0.006556538238684406,0.055729722473908505,0.42388872109802345
2013-05-22,-0.006886620318185321,0.05587884337884335,0.42566877566877565
2013-05-23,-0.013290927530666963,0.03822751322751324,0.3507936507936507
2013-05-24,0.0035138902223224022,0.0796052631578947,0.29188596491228064
2013-05-28,0.021885025756892773,0.0796052631578947,0.29188596491228064
2013-05-29,-0.0039976835320710835,0.039655172413793106,0.48218390804597705
2013-05-30,0.004300387822239404,0.10023805559519848,0.4349255902827331
2013-05-31,-0.0037110480646496136,0.025043515512265514,0.3793291430791431
2013-06-03,0.019770746121113847,0.025043515512265514,0.3793291430791431
2013-06-04,-0.01685860864500255,0.025043515512265514,0.3793291430791431
2013-06-05,-0.006001824507577802,0.025043515512265514,0.3793291430791431
2013-06-06,0.005175424244149518,0.05509736540664374,0.35632214292008085
2013-06-07,0.02030888420122645,0.055000000000000014,0.5075
2013-06-10,-0.0056068814056544625,0.10227272727272727,0.4521159874608147
2013-06-11,-0.017761502007747842,0.07562207199193503,0.46775959200616707
2013-06-12,0.004592408386461466,0.42231358983695433,0.46854492859165725
2013-06-13,-0.007999967615180403,0.42231358983695433,0.46854492859165725
2013-06-14,-0.009216561359980724,0.07817460317460319,0.385515873015873
2013-06-17,0.01744179798107348,0.07817460317460319,0.385515873015873
2013-06-18,-0.0005714465890989118,0.07817460317460319,0.385515873015873
2013-06-19,-0.011149184328278272,0.16621989374262106,0.5024386068476977
2013-06-20,-0.031801076444755605,0.10481716864695592,0.4557819839734731
2013-06-21,-0.006569166661047787,0.10481716864695592,0.4557819839734731
2013-06-24,0.013525742598172519,-0.011451654885199189,0.38221409392295475
2013-06-25,-0.001482895444119392,-0.005769230769230776,0.47083333333333327
2013-06-26,0.02019603328941133,0.13512372149164595,0.4540915443745631
2013-06-27,0.00786026842544052,0.060678676162547095,0.4469127915095656
2013-06-28,-0.0023107480349754406,0.060678676162547095,0.4469127915095656
2013-07-01,-0.005211353094360938,0.060678676162547095,0.4469127915095656
2013-07-02,-0.012223578683084435,0.08974369491089237,0.4532799215999853
2013-07-03,0.002062446748227753,0.06373597992916176,0.3857622491145216
2013-07-05,0.005880646361097419,-0.010965909090909083,0.4194737554112553
2013-07-08,0.003507824633294243,-0.010965909090909083,0.4194737554112553
2013-07-09,0.0005825024467618345,-0.010965909090909083,0.4194737554112553
2013-07-10,0.010189276232990041,0.06736360369726516,0.40934011089522926
2013-07-11,0.028530217510905675,0.06736360369726516,0.40934011089522926
2013-07-12,-0.0005603987431364033,0.02738622750415203,0.37792476653325696
2013-07-15,0.01401738970472799,0.09338280766852196,0.3519303825426275
2013-07-16,0.0027647788160116704,0.10224604290325942,0.4261962407580968
2013-07-17,-0.014612584409745999,0.042586984015555426,0.4425021471450044
2013-07-18,-0.008394065625097924,0.042586984015555426,0.4425021471450044
2013-07-19,-0.11399546188482057,0.06615715395715399,0.40972846042846056
2013-07-22,0.0194267123552061,0.0574569221628045,0.4346108140225786
2013-07-23,-0.005935573261163785,0.0574569221628045,0.4346108140225786
2013-07-24,0.004399713318384402,0.0574569221628045,0.4346108140225786
2013-07-25,-0.01783478474666822,0.0574569221628045,0.4346108140225786
2013-07-26,0.007327211431984448,0.0574569221628045,0.4346108140225786
2013-07-29,-0.002530018967528469,0.0574569221628045,0.4346108140225786
2013-07-30,0.009828764849310279,0.0574569221628045,0.4346108140225786
2013-07-31,-0.00031399901077289183,0.0982404692082111,0.4804562373110761
2013-08-01,-0.005339173127454022,0.0982404692082111,0.4804562373110761
2013-08-02,0.006946611415885151,0.0982404692082111,0.4804562373110761
2013-08-05,-0.00595794282229789,0.0982404692082111,0.4804562373110761
2013-08-06,-0.003785503432918169,0.0982404692082111,0.4804562373110761
2013-08-07,0.015199516636001942,0.0982404692082111,0.4804562373110761
2013-08-08,0.025888892974463396,0.0982404692082111,0.4804562373110761
2013-08-09,-0.005776795374686672,0.05870614912631717,0.41392120950944483
2013-08-12,0.005198720569074,0.1450519480519481,0.36203030303030304
2013-08-13,-0.012561177693670822,0.1450519480519481,0.36203030303030304
2013-08-14,0.0037231876977283918,0.06008211365354221,0.47178416821273944
2013-08-15,-0.017310595843036625,0.06008211365354221,0.47178416821273944
2013-08-16,0.0003145340380668049,0.0897885636021229,0.36202007973194406
2013-08-19,-0.01289308496748065,0.0897885636021229,0.36202007973194406
2013-08-20,0.007327239305290112,0.0897885636021229,0.36202007973194406
2013-08-21,-0.00031629459440052354,0.18686474116161622,0.35813999368686866
2013-08-22,0.02467572415225261,0.07782051282051286,0.36351074851074855
2013-08-23,0.07286200430161238,0.10519169295864214,0.4391973793626339
2013-08-26,-0.017266137761493217,0.10091481645458925,0.4649956409331406
2013-08-27,-0.026061589903946025,0.04700217978819682,0.3999301428326854
2013-08-28,-0.007215808412647795,0.09294871794871794,0.4660256410256408
2013-08-29,0.01605083048149858,0.09294871794871794,0.4660256410256408
2013-08-30,-0.004470868930507743,0.12252657679872865,0.4460003603990947
2013-09-03,-0.045509041114319415,0.1083897201831983,0.4438464054923679
2013-09-04,-0.02132993389745741,0.12617116608681023,0.4752967337706605
2013-09-05,0.0009614810782483385,0.12655696576151118,0.3944485438803621
2013-09-06,-0.0025616392351213157,0.11389793363856766,0.4037696853258812
2013-09-09,0.016372403513451372,0.0012321012321012245,0.41704961704961707
2013-09-10,0.02305748792480178,0.09650097917955058,0.37213383838383846
2013-09-11,0.010805849867076,0.12090253181162271,0.3723530762167126
2013-09-12,-0.0015272717823645587,0.1156133412042503,0.529810704447068
2013-09-13,0.010400742007107722,0.06315410599501509,0.37514331627967995
2013-09-16,-0.006963362042214372,0.06315410599501509,0.37514331627967995
2013-09-17,0.003963468823732219,0.0548970687946592,0.4349181848940887
2013-09-18,0.011843264994189084,0.04545038295038296,0.3837204462204461
2013-09-19,0.009603840744587755,-0.09175084175084175,0.42710437710437715
2013-09-20,-0.02526749165355724,0.03911846427803875,0.35131881121242825
2013-09-23,-0.0015248423702707292,0.1746988402543957,0.4810811821922932
2013-09-24,-0.008857686181906632,0.11511216056670603,0.3274301456119638
2013-09-25,0.0018489220193553813,0.045204991087344035,0.35411970382558605
2013-09-26,0.007997614919035945,0.17390456287008016,0.45438764300833273
2013-09-27,0.015257864326984727,0.17390456287008016,0.45438764300833273
2013-09-30,0.00030050910126955266,0.058683210846001546,0.3899637236148865
2013-10-01,0.009014513307305405,0.09114888379594262,0.41056202784143964
2013-10-02,0.010124982860440834,0.09114888379594262,0.41056202784143964
2013-10-03,-0.0017687948999600689,0.09114888379594262,0.41056202784143964
2013-10-04,0.0005906754881910281,0.09362546945328405,0.4364331584530259
2013-10-07,-0.017119314888702997,0.09362546945328405,0.4364331584530259
2013-10-08,-0.008708728691771972,0.09362546945328405,0.4364331584530259
2013-10-09,0.0018176558958422628,0.09459351922587218,0.43407340208810785
2013-10-10,0.020864818063145885,0.09459351922587218,0.43407340208810785
2013-10-11,0.010959800390878183,0.04797647678600061,0.43424740603312034
2013-10-14,0.009375882015205228,0.09459351922587218,0.43407340208810785
2013-10-15,0.0011611507724269554,0.09189898989898988,0.40773737373737384
2013-10-16,0.004349018260101811,0.09189898989898988,0.40773737373737384
2013-10-17,0.008083092511823375,0.03454442383013811,0.3515898783755927
2013-10-18,0.0011454910564223653,0.10088141025641027,0.45865384615384625
2013-10-21,0.0008581981868740485,0.046887239744382615,0.3934034219748507
2013-10-22,-0.011717604512407997,0.05370890965403162,0.40631709076830996
2013-10-23,-0.023713228323415603,0.06323529411764707,0.425
2013-10-24,-0.0011847526510992967,0.08642788679285036,0.43804441705901587
2013-10-25,0.05960847106296452,0.08072161003979184,0.44169804101622295
2013-10-28,-0.00447802930533403,-0.024922816201885988,0.3392399912748748
2013-10-29,-0.0014056363396796057,0.03801739401739403,0.3654262419262422
2013-10-30,0.0005630707295560811,0.11584314216545623,0.41946239252024364
2013-10-31,-0.003657869158305127,0.1282345779220779,0.44039366883116904
2013-11-01,0.0033888262570107575,-0.04325586694007748,0.4009056732740942
2013-11-04,0.0115395471556905,-0.04325586694007748,0.4009056732740942
2013-11-05,0.019476927551470125,-0.04325586694007748,0.4009056732740942
2013-11-06,0.04203060140153991,0.12266412764504375,0.4090565689611492
2013-11-07,-0.017810384137744717,0.017683785911058635,0.3138146399055491
2013-11-08,0.007466621879656632,0.13871379938626785,0.3711310893747602
2013-11-11,-0.005029068327983444,0.04679145956923737,0.40245497301052874
2013-11-12,-0.006118644228372494,0.04679145956923737,0.40245497301052874
2013-11-13,0.02141324429058078,0.04408369408369407,0.43556998556998555
2013-11-14,-0.003668726780798215,0.06970863713401028,0.3731390707136982
2013-11-15,-0.004734356987724064,0.08086234367484363,0.3907812249478916
2013-11-18,-0.01691331727374168,0.07440130769450885,0.3971799439150722
2013-11-19,-0.004875414174860926,0.08755216733157913,0.3540852597837889
2013-11-20,0.009254227288470585,0.045140983292642045,0.4413554981090525
2013-11-21,0.008629990101135965,0.10280684551139099,0.4031420919148195
2013-11-22,0.004545400319430737,0.13353658536585364,0.3711382113821138
2013-11-25,0.0018631853756789774,0.08187645687645691,0.41159673659673646
2013-11-26,-0.007704588948702851,0.08187645687645691,0.41159673659673646
2013-11-27,0.00669344527667759,0.08187645687645691,0.41159673659673646
2013-11-29,0.014095794280539087,0.1791666666666667,0.3333333333333333
2013-12-02,0.008392343038380545,0.1791666666666667,0.3333333333333333
2013-12-03,-0.0036410856867733488,0.14077380952380955,0.3919642857142857
2013-12-04,0.016444733904215303,-0.125,0.125
2013-12-05,-0.02413967131431838,0.0477912977912978,0.32394992394992417
2013-12-06,0.009473699924097634,0.03500748222970445,0.43774784885895995
2013-12-09,0.009124042546995392,0.14627946127946134,0.43423400673400653
2013-12-10,-0.01549983123839449,0.14627946127946134,0.43423400673400653
2013-12-11,-0.013119896301000078,0.10293608880745808,0.4347843281660712
2013-12-12,-0.010369580097673858,0.08813519813519817,0.39848484848484844
2013-12-13,-0.014239734600306586,0.15298334371108338,0.47971426594714256
2013-12-16,0.005451092487085196,0.033090277777777774,0.5047569444444446
2013-12-17,-0.010029779460948962,0.0986047408990447,0.3515394450837489
2013-12-18,0.0016429878727526326,0.034299745480650026,0.4489389588635823
2013-12-19,-0.009021387238728251,0.034299745480650026,0.4489389588635823
2013-12-20,0.01517238216393979,0.13890374331550803,0.5184640522875815
2013-12-23,-0.004891312628701239,0.13890374331550803,0.5184640522875815
2013-12-24,0.012561526094392095,0.13890374331550803,0.5184640522875815
2013-12-26,0.009708665314397624,0.07582972582972582,0.31096681096681095
2013-12-27,-0.004006349040962753,0.07582972582972582,0.31096681096681095
2013-12-30,0.0,0.07582972582972582,0.31096681096681095
2013-12-31,0.003217977400818084,0.08518518518518518,0.18765432098765433
2014-01-02,-0.006682680691263099,0.08518518518518518,0.18765432098765433
2014-01-03,-0.006727668713308099,0.08518518518518518,0.18765432098765433
2014-01-06,-0.021132450366161515,0.06363636363636364,0.3602693602693603
2014-01-07,0.007749747916027561,0.07525838966725666,0.4754748398837071
2014-01-08,-0.017852274709813654,0.07720049978633672,0.3966752131988185
2014-01-09,-0.006431764701826936,0.07413896376160527,0.38814764899670573
2014-01-10,0.014354142494937161,0.11544850498338868,0.4549695459579179
2014-01-13,-0.029411805657670542,0.11544850498338868,0.4549695459579179
2014-01-14,0.02287018375134786,0.11544850498338868,0.4549695459579179
2014-01-15,0.027389585065407118,0.11544850498338868,0.4549695459579179
2014-01-16,0.003536471895509319,0.11544850498338868,0.4549695459579179
2014-01-17,-0.013824839141113099,0.037893378226711565,0.40344500561167207
2014-01-21,-0.005772481867344692,0.10116411366411367,0.43935300810300804
2014-01-22,-0.006635274204999431,0.10116411366411367,0.43935300810300804
2014-01-23,0.0036181962685437608,0.08312614608932894,0.38471017435981797
2014-01-24,0.02079865202263753,0.06765815411024993,0.35373445029133654
2014-01-27,-0.021189948346133636,0.08256011057215872,0.41277447452146243
2014-01-28,0.006661147148448343,0.08256011057215872,0.41277447452146243
2014-01-29,0.010752685908199888,0.08089765411746846,0.4162258364270748
2014-01-30,0.0054555530199451585,0.08533148949815621,0.39083534135617476
2014-01-31,0.026587067420002386,0.08016493025493024,0.41094604210604213
2014-02-03,-0.03594080856332771,0.07843434343434344,0.3826515151515152
2014-02-04,-0.003563645617450706,0.10801974406166032,0.39848617184545343
2014-02-05,-0.014580429309723142,0.08575827966071871,0.3841002831856491
2014-02-06,0.010050268090493253,0.0798011819641033,0.46944428230945096
2014-02-07,0.010503064471723667,0.0798011819641033,0.46944428230945096
2014-02-10,0.006564492529425925,0.10534511784511785,0.431595719095719
2014-02-11,0.010054338498019177,0.05839943054708156,0.3582367297132396
2014-02-12,0.008071107238671882,0.05839943054708156,0.3582367297132396
2014-02-13,0.003736315507179455,0.19537103316630883,0.4389883082796468
2014-02-14,0.0002658323774438198,0.35,0.55
2014-02-18,0.002142419405471774,0.0497745777538524,0.40576845434358394
2014-02-19,0.002405145119913188,0.0497745777538524,0.40576845434358394
2014-02-20,0.006398331404215529,0.0497745777538524,0.40576845434358394
2014-02-21,0.006092712580079596,0.0497745777538524,0.40576845434358394
2014-02-24,-0.007635632804843584,0.0497745777538524,0.40576845434358394
2014-02-25,-0.003979772715827057,0.0497745777538524,0.40576845434358394
2014-02-26,-0.0018646692947037469,0.08179600886917962,0.29098669623059853
2014-02-27,0.010408300425113204,0.08179600886917962,0.29098669623059853
2014-02-28,0.011885936150029197,0.08179600886917962,0.29098669623059853
2014-03-03,-0.013834578696959143,0.08179600886917962,0.29098669623059853
2014-03-04,0.01667550151117103,0.08220487972781555,0.40100980314283075
2014-03-05,-0.007810427178359447,0.10924369747899157,0.30973389355742303
2014-03-06,0.0010496088564111439,0.10317460317460315,0.2962301587301588
2014-03-07,-0.006553070648169679,0.042317994762439186,0.3168514777403666
2014-03-10,-0.0021108777785567856,0.042317994762439186,0.3168514777403666
2014-03-11,0.005288228690317531,0.042317994762439186,0.3168514777403666
2014-03-12,0.0065754774476132205,0.11104916026381993,0.34308624766739954
2014-03-13,-0.009929468896176519,0.11104916026381993,0.34308624766739954
2014-03-14,-0.005014468875229494,0.048461987063023335,0.34696488744416204
2014-03-17,0.009283777842896912,0.11329936211033778,0.41876750733458046
2014-03-18,0.039421816469675575,0.08943027131107621,0.42438906982250657
2014-03-19,-0.007079614424983949,0.1462896618069032,0.4228599625151348
2014-03-20,0.02699264359363096,0.1462896618069032,0.4228599625151348
2014-03-21,-0.004215266703873954,0.028149115377376237,0.35646733248635415
2014-03-24,0.008466139902482572,0.028149115377376237,0.35646733248635415
2014-03-25,-0.0039506224857123184,0.13457459937723099,0.4617642591326801
2014-03-26,-0.013634091181282892,0.07916666666666665,0.4597222222222222
2014-03-27,-0.01080675284087751,0.15867523598020042,0.46592009251583766
2014-03-28,0.023882097214927622,0.12712911101536695,0.40134024743029495
2014-03-31,0.017121634484314807,0.1632102272727273,0.3841382575757574
2014-04-01,0.010490274687402046,0.06629560915275197,0.42536178107606687
2014-04-02,-0.0016899973560871029,0.1517082590612001,0.4314956285544516
2014-04-03,-0.00822249566154154,0.06317452992579894,0.36166413958292115
2014-04-04,-0.027798076875857225,0.06317452992579894,0.36166413958292115
2014-04-07,-0.0017556982386828235,0.06317452992579894,0.36166413958292115
2014-04-08,0.0005025336433921446,0.06317452992579894,0.36166413958292115
2014-04-09,0.016323487384915403,0.11948051948051948,0.37842712842712845
2014-04-10,-0.027427749705791316,0.07974436763952895,0.3236163710841133
2014-04-11,-0.00381099783523986,0.07974436763952895,0.3236163710841133
2014-04-14,-0.0007650878057414712,0.15613315696649027,0.4286552028218694
2014-04-15,0.01454824082300532,0.0492664973914974,0.40337079587079594
2014-04-16,0.01635223302000166,0.0492664973914974,0.40337079587079594
2014-04-17,-0.009653548118203847,0.0492664973914974,0.40337079587079594
2014-04-21,-0.0017495548579177234,0.06675454545454547,0.3416318181818181
2014-04-22,0.001251957462778952,0.10675376211090497,0.32324005359719643
2014-04-23,-0.007501946012447247,0.10736051582825777,0.3855548349499958
2014-04-24,0.004283238068726547,0.08859130315817244,0.41942004972400077
2014-04-25,0.001254361450647723,0.03691678970681291,0.4178000421851933
2014-04-28,0.024054099735399292,0.15079408270069755,0.4239043004120824
2014-04-29,-0.008808415674180448,0.05347619047619046,0.37638095238095237
2014-04-30,-0.002715305767180154,0.025631313131313133,0.3511784511784509
2014-05-01,-0.009901029637292336,0.09653072783913906,0.381135655621637
2014-05-02,-0.00775002719770812,0.06636002886002887,0.4248832436332436
2014-05-05,-0.006550743223250999,0.09614624505928852,0.4433135704874835
2014-05-06,-0.009383672093115414,0.11023825208607818,0.45216293368467264
2014-05-07,0.009216504656153646,0.11023825208607818,0.45216293368467264
2014-05-08,0.005580937882346371,0.11023825208607818,0.45216293368467264
2014-05-09,-0.002522646291305164,0.07467061923583664,0.44440052700922256
2014-05-12,0.010875053337274565,0.07467061923583664,0.44440052700922256
2014-05-13,0.018392487879843156,0.07467061923583664,0.44440052700922256
2014-05-14,-0.004453139873253686,0.1614561647004396,0.46000049568751844
2014-05-15,-0.01590464926939461,0.1614561647004396,0.46000049568751844
2014-05-16,0.005808144907785362,0.10130797773654912,0.4214347557204699
2014-05-19,-0.0020085594916469107,0.09697123207761509,0.3924902520647203
2014-05-20,-0.0017610233009787146,0.09697123207761509,0.3924902520647203
2014-05-21,0.016885042759545055,0.09161070411070413,0.4307412494912495
2014-05-22,-0.006195782341326117,0.09161070411070413,0.4307412494912495
2014-05-23,0.0004987656207791069,0.1292512007064246,0.47761732463225
2014-05-27,0.0017447558235597072,0.1292512007064246,0.47761732463225
2014-05-28,-0.004478731309882966,0.1292512007064246,0.47761732463225
2014-05-29,0.008247983573633322,0.2068065268065268,0.43162004662004627
2014-05-30,0.01487354706425048,0.12549670619235825,0.43746788959832444
2014-06-02,-0.003663858872494763,0.03264437856829161,0.4552920509442248
2014-06-03,-0.012257896669366719,0.03264437856829161,0.4552920509442248
2014-06-04,0.0007445668846879361,0.09493620414673044,0.32200956937799036
2014-06-05,0.02207340541680125,-0.048953823953823944,0.36756854256854243
2014-06-06,0.006551815372915826,-0.048953823953823944,0.36756854256854243
2014-06-09,-0.005062652052580607,-0.048953823953823944,0.36756854256854243
2014-06-10,-0.0038769269711469434,-0.04619408369408371,0.40144300144300143
2014-06-11,-0.0060812407249041245,0.10541111111111112,0.4524698412698412
2014-06-12,-0.006852628619342105,0.10541111111111112,0.4524698412698412
2014-06-13,0.01601769251466134,0.10541111111111112,0.4524698412698412
2014-06-16,0.0065486371146599165,0.14032097288676237,0.3069178628389155
2014-06-17,0.004337354316980235,0.14032097288676237,0.3069178628389155
2014-06-18,-0.0007197360917791107,0.14032097288676237,0.3069178628389155
2014-06-19,-0.0033614285330383353,0.09950858250276853,0.3326894358871103
2014-06-20,0.004095449579036181,0.0672077922077922,0.4188672438672439
2014-06-23,0.0074376512907139425,0.0672077922077922,0.4188672438672439
2014-06-24,-0.005715687000253378,0.0672077922077922,0.4188672438672439
2014-06-25,0.0067065486813358,0.0672077922077922,0.4188672438672439
2014-06-26,-0.0073756131283309045,0.0672077922077922,0.4188672438672439
2014-06-27,0.012703695985666119,0.08066716269841269,0.37331349206349196
2014-06-30,-0.013017721182557729,0.08066716269841269,0.37331349206349196
2014-07-01,0.004076685866925223,0.1405410429265391,0.4536936981593471
2014-07-02,0.0007165727786417886,0.1405410429265391,0.4536936981593471
2014-07-03,-0.0023866944950985403,0.03452380952380951,0.31309523809523815
2014-07-07,0.004545516979795217,0.03452380952380951,0.31309523809523815
2014-07-08,-0.005001264533655125,0.03452380952380951,0.31309523809523815
2014-07-09,-0.0026328532028582208,0.03452380952380951,0.31309523809523815
2014-07-10,0.0004799736404110799,0.11758647450110866,0.4264508499630451
2014-07-11,0.009594661205676536,0.08055555555555556,0.5046296296296297
2014-07-14,0.0011879092738027452,0.03504489337822669,0.3464063714063712
2014-07-15,0.007356462174580747,0.03504489337822669,0.3464063714063712
2014-07-16,0.038398139170959356,0.08623626373626375,0.34976190476190483
2014-07-17,0.010208649575027096,0.07148668579482535,0.3902031360112757
2014-07-18,0.0035930767862857316,0.09033040488922837,0.36488986503692394
2014-07-21,0.0033564916089394714,0.06654540945165945,0.3861459356615607
2014-07-22,-0.00022297279151684002,0.06654540945165945,0.3861459356615607
2014-07-23,0.0008921860118615843,0.08866677984325048,0.3840653736241974
2014-07-24,-0.010474631774758159,0.07071059804393141,0.4295121051787718
2014-07-25,0.0022522116744796428,0.07071059804393141,0.4295121051787718
2014-07-28,-0.01191009638591134,0.04801118529932091,0.4596344803971922
2014-07-29,-0.0018194433936625787,0.094744865436613,0.33178009288446186
2014-07-30,-0.007063068684608376,0.07813203844949876,0.3438336501828566
2014-07-31,-0.009637491859976421,0.05509971610515087,0.4002188029361944
2014-08-01,-0.006950855175503756,0.0588768189235479,0.3645038502515137
2014-08-04,0.011899153123833495,0.0697323232323232,0.37784848484848477
2014-08-05,-0.006686569440499279,0.032595141177230724,0.27793500032306
2014-08-06,-0.007892290916472922,0.032595141177230724,0.27793500032306
2014-08-07,0.011464604299900039,0.04319640852974185,0.2588686868686869
2014-08-08,-0.0006939301641772921,0.11886574074074074,0.45821759259259265
2014-08-11,0.0,0.12796210338035433,0.41488403864829704
2014-08-12,0.007407393580502797,0.12796210338035433,0.41488403864829704
2014-08-13,0.012867672627122184,0.055670995670995684,0.298714826839827
2014-08-14,0.004310330634219817,-0.057323232323232325,0.36035353535353537
2014-08-15,0.01174610584799618,-0.057323232323232325,0.36035353535353537
2014-08-18,0.007144438552304955,-0.057323232323232325,0.36035353535353537
2014-08-19,0.011153247822152546,0.10863528523670882,0.3805965090662602
2014-08-20,-0.008382978534830499,0.11121872477804684,0.43109362389023403
2014-08-21,0.006006670094920397,0.11121872477804684,0.43109362389023403
2014-08-22,-0.0015479638407215335,-0.0005555555555555536,0.3061111111111111
2014-08-25,0.00044287993123703906,0.03241279069767442,0.24554263565891468
2014-08-26,-0.0035421570049780637,0.03241279069767442,0.24554263565891468
2014-08-27,-0.003110419759008831,-0.007720588235294116,0.36053921568627445
2014-08-28,0.00022291707556232332,-0.007720588235294116,0.36053921568627445
2014-08-29,0.012254897350887362,0.09507575757575759,0.4356550195835909
2014-09-02,-0.007484060838117146,0.030969101123595508,0.3260623739556324
2014-09-03,-0.0028831427407558508,0.11973262245001372,0.4441075368332895
2014-09-04,0.006672580526792871,0.11973262245001372,0.4441075368332895
2014-09-05,0.014361496899690351,-0.05757575757575757,0.48106060606060624
2014-09-08,0.012197823998576052,-0.05757575757575757,0.48106060606060624
2014-09-09,0.006240518931280192,-0.05757575757575757,0.48106060606060624
2014-09-10,0.001710890023399081,0.07343434343434344,0.42404040404040394
2014-09-11,0.0034158901327168145,0.037824675324675316,0.3466179653679654
2014-09-12,-0.006382961987178359,0.02415748393021119,0.3380165289256199
2014-09-15,-0.009850096326884383,0.055738640806374806,0.35911099026862625
2014-09-16,0.011245614132383785,0.08697140900530732,0.29831166949811005
2014-09-17,-0.005132555815867468,0.0993612596553773,0.4099079025549614
2014-09-18,0.0034393871918003693,0.0993612596553773,0.4099079025549614
2014-09-19,0.017994857023057254,-0.0867283950617284,0.329320987654321
2014-09-22,-0.009680124203980123,0.0,0.0
2014-09-23,-0.010624713886174253,0.14500244379276642,0.3992240957966764
2014-09-24,0.011168393396887355,-0.15714285714285717,0.4428571428571428
2014-09-25,-0.02209009882889823,0.19120589006952649,0.49799346276619
2014-09-26,0.008036472738627065,0.0878669043374926,0.49458704693998784
2014-09-29,0.0006463992103595828,0.06048850574712643,0.24042145593869724
2014-09-30,-0.0017226100594454063,0.05158469616802951,0.40523308481641757
2014-10-01,-0.00992233599290615,-0.05,0.3
2014-10-02,-0.003050178434751749,-0.05,0.3
2014-10-03,0.007211578201832491,-0.05,0.3
2014-10-06,0.0,-0.05,0.3
2014-10-07,-0.012150163245715162,0.1303477961432507,0.3727754820936638
2014-10-08,0.027454420736075402,0.08868450663093518,0.3691074005359721
2014-10-09,-0.0198802962106438,0.08868450663093518,0.3691074005359721
2014-10-10,-0.039694654638429694,0.08868450663093518,0.3691074005359721
2014-10-13,-0.008630416397194196,-0.0007920110192837479,0.4034205693296603
2014-10-14,0.0018327149296366585,-0.0007920110192837479,0.4034205693296603
2014-10-15,-0.011662431613326252,-0.0007920110192837479,0.4034205693296603
2014-10-16,-0.011105964710857563,0.047894357104883406,0.4063662945241891
2014-10-17,0.02082357494144982,0.12311765615337042,0.427459930942074
2014-10-20,0.010314013538855527,0.12311765615337042,0.427459930942074
2014-10-21,0.01814880440119926,0.08876732817744054,0.4656101950483974
2014-10-22,-0.011140822266645367,0.08594637437001972,0.41301917841326735
2014-10-23,0.014420912370627148,0.12154349228212871,0.4602222167563079
2014-10-24,0.024655702759075027,0.13265046231784444,0.4711631954121226
2014-10-27,-0.004769156747600811,0.08022353161242046,0.3897961092405536
2014-10-28,0.012633465557225998,0.24285714285714288,0.5214285714285715
2014-10-29,0.0027962277150106463,0.24285714285714288,0.5214285714285715
2014-10-30,-0.01222649202078685,0.24285714285714288,0.5214285714285715
2014-10-31,0.01954399253414474,0.08564664502164504,0.5248241341991342
2014-11-03,0.010436588318782691,0.11190476190476191,0.21428571428571427
2014-11-04,0.0027403452645384796,0.11190476190476191,0.21428571428571427
2014-11-05,0.00609628188731981,0.17833333333333332,0.25666666666666665
2014-11-06,0.017551211843927383,0.21516414141414134,0.45385198135198124
2014-11-07,-0.0004107057849136453,0.05445097230811514,0.41627671270528405
2014-11-10,0.004313886281764434,0.05445097230811514,0.41627671270528405
2014-11-11,-0.0004091096808215289,0.021001221001220996,0.5293650793650791
2014-11-12,-0.0018416049225372655,-0.03928571428571428,0.30357142857142855
2014-11-13,0.01701518786218692,0.11171626984126978,0.3125396825396826
2014-11-14,-0.0006046828969659135,0.11171626984126978,0.3125396825396826
2014-11-17,-0.0024203889988322347,0.11171626984126978,0.3125396825396826
2014-11-18,-0.008341695667493432,0.11171626984126978,0.3125396825396826
2014-11-19,-0.010668874056478761,0.058712121212121215,0.49545454545454537
2014-11-20,0.009954363119095477,0.04333333333333335,0.2333333333333334
2014-11-21,-0.014784419241214541,0.04333333333333335,0.2333333333333334
2014-11-24,-0.008128374033074315,0.04333333333333335,0.2333333333333334
2014-11-25,-0.002521523838957984,0.1805,0.41633333333333333
2014-11-26,0.005898443564700706,-0.07254273504273505,0.2779914529914529
2014-11-28,0.0012565818558598618,-0.07254273504273505,0.2779914529914529
2014-12-01,0.016941999006016673,-0.07254273504273505,0.2779914529914529
2014-12-02,-0.0032908228135876127,-0.07254273504273505,0.2779914529914529
2014-12-03,-0.007841459899781578,0.14667258459393295,0.40682943772831415
2014-12-04,0.015806957063705163,0.10298359048359045,0.3955373330373331
2014-12-05,-0.008599546765689636,0.03877005347593582,0.4076648841354722
2014-12-08,-0.014869848530547403,0.05357142857142857,0.6178571428571429
2014-12-09,-0.0023060851246080594,0.027123273551844983,0.40236200051868276
2014-12-10,-0.014498817853024093,0.027123273551844983,0.40236200051868276
2014-12-11,0.0057568628764981256,0.011997113997113997,0.337888528138528
2014-12-12,-0.004663925066017205,0.1357142857142857,0.4325837742504408
2014-12-15,-0.005963840270498677,0.07685255920550041,0.26651061356943706
2014-12-16,-0.032354812414892575,0.0,0.5
2014-12-17,0.012843284653121234,0.0,0.5
2014-12-18,0.03891556540903007,0.0,0.5
2014-12-19,0.0029461186735482148,0.2006792058516196,0.4182601880877742
2014-12-22,0.00671421742647027,0.2006792058516196,0.4182601880877742
2014-12-23,0.009795777637029213,0.2006792058516196,0.4182601880877742
2014-12-24,-0.006398381824524568,0.058546691403834256,0.36391642371234195
2014-12-26,-0.005400868760320532,0.058546691403834256,0.36391642371234195
2014-12-29,-0.008980804337398007,0.1411111111111111,0.45055555555555565
2014-12-30,-0.009062167716060276,0.1411111111111111,0.45055555555555565
2014-12-31,-0.012122488624503824,0.1411111111111111,0.45055555555555565
2015-01-02,0.006673785779916175,0.1411111111111111,0.45055555555555565
2015-01-05,-0.009195823147158055,0.08432756132756132,0.37668181818181823
2015-01-06,-0.014677330412979805,0.08432756132756132,0.37668181818181823
2015-01-07,0.012705333334388058,0.08432756132756132,0.37668181818181823
2015-01-08,0.029418136291485375,0.08432756132756132,0.37668181818181823
2015-01-09,-0.008405161272415751,0.041025641025641026,0.22707100591715967
2015-01-12,-0.012502642148012999,0.041025641025641026,0.22707100591715967
2015-01-13,-0.005150185528399853,-0.02083333333333334,0.33461538461538465
2015-01-14,-0.008628139829844228,-0.02083333333333334,0.33461538461538465
2015-01-15,-0.010443874423995747,-0.02083333333333334,0.33461538461538465
2015-01-16,0.01671070327172708,-0.02083333333333334,0.33461538461538465
2015-01-20,0.0032438916688155572,0.09419926077820823,0.553010086891666
2015-01-21,-0.01013152427938413,0.09419926077820823,0.553010086891666
2015-01-22,0.02635023791513169,0.11720816798941798,0.4748553240740742
2015-01-23,0.0010608856057385818,0.05962736304462924,0.3796046279859229
2015-01-26,-0.0036032650073963834,0.05962736304462924,0.3796046279859229
2015-01-27,-0.09253346766204362,0.028848333711176625,0.40853930289715895
2015-01-28,-0.03445855004784493,0.12441748066748062,0.35904558404558423
2015-01-29,0.019907752765408793,0.2027126099706745,0.5283968719452589
2015-01-30,-0.03832413978971716,0.10036356872294372,0.3909155167748918
2015-02-02,0.021782097601088957,0.12947173127624256,0.35475629007583886
2015-02-03,0.007751928612868664,0.12947173127624256,0.35475629007583886
2015-02-04,0.00576927489675616,0.12947173127624256,0.35475629007583886
2015-02-05,0.014579373013770658,0.12947173127624256,0.35475629007583886
2015-02-06,-0.0009423213677803854,0.06834303765115575,0.3895755658855293
2015-02-09,-0.0011789313491060716,0.06834303765115575,0.3895755658855293
2015-02-10,0.005665665075013981,0.023068181818181818,0.25356060606060604
2015-02-11,-0.00516425692436806,0.023068181818181818,0.25356060606060604
2015-02-12,0.016753161031097585,0.023068181818181818,0.25356060606060604
2015-02-13,0.018101618972149902,0.023068181818181818,0.25356060606060604
2015-02-17,0.00045916538250745376,0.09685185185185186,0.4387037037037038
2015-02-18,-0.001147398712270764,0.09685185185185186,0.4387037037037038
2015-02-19,-0.0006891380121847313,0.025553371195573018,0.48849206349206353
2015-02-20,0.008275867986118568,0.025553371195573018,0.48849206349206353
2015-02-23,0.006611961808921096,0.025553371195573018,0.48849206349206353
2015-02-24,-0.0013590401614982373,0.025553371195573018,0.48849206349206353
2015-02-25,-0.002268037849906701,0.025553371195573018,0.48849206349206353
2015-02-26,0.0015912618408728818,0.025553371195573018,0.48849206349206353
2015-02-27,-0.0047662969639472585,0.17878787878787886,0.2258741258741259
2015-03-02,0.0006842051304540853,0.17878787878787886,0.2258741258741259
2015-03-03,-0.013673713115048503,0.029474944247671518,0.2904335563426474
2015-03-04,-0.00508310603710227,0.029474944247671518,0.2904335563426474
2015-03-05,0.0011611569779488295,-0.11234567901234571,0.511111111111111
2015-03-06,-0.017397373948344175,-0.11234567901234571,0.511111111111111
2015-03-09,0.01156747717001294,0.13562248763141627,0.45086676716141
2015-03-10,-0.01913650860544014,0.13562248763141627,0.45086676716141
2015-03-11,-0.0011896127123803835,0.13562248763141627,0.45086676716141
2015-03-12,-0.022868024032859147,0.13562248763141627,0.45086676716141
2015-03-13,0.008776238784180768,0.13562248763141627,0.45086676716141
2015-03-16,0.004349917772775269,0.11534891165172857,0.40877258500497926
2015-03-17,0.003368604900656935,0.11534891165172857,0.40877258500497926
2015-03-18,0.01918465767433597,-0.006037473976405276,0.40786490862826713
2015-03-19,-0.004941173803083898,0.35,0.55
2015-03-20,0.01395129658480565,0.15238997113997113,0.5310155122655122
2015-03-23,-0.00046642233709115466,0.15238997113997113,0.5310155122655122
2015-03-24,0.0009332799768102529,0.019172932330827074,0.2818295739348371
2015-03-25,-0.03356648165271181,0.019172932330827074,0.2818295739348371
2015-03-26,-0.006029914987971341,0.019172932330827074,0.2818295739348371
2015-03-27,-0.0058237824079587774,0.019172932330827074,0.2818295739348371
2015-03-30,-0.00024410908624139527,0.31145104895104897,0.593939393939394
2015-03-31,-0.007324211284423621,0.31145104895104897,0.593939393939394
2015-04-01,0.0014756917186626861,0.31145104895104897,0.593939393939394
2015-04-02,-0.010559943808998162,0.31145104895104897,0.593939393939394
2015-04-06,0.031273225681571315,0.034145021645021624,0.2891474266474266
2015-04-07,-0.00048135236619717414,0.034145021645021624,0.2891474266474266
2015-04-08,-0.00264868759172332,0.08277174453898592,0.3791880628949595
2015-04-09,0.0014485893943960715,0.07477650063856955,0.3748403575989783
2015-04-10,0.00578597607400777,0.07477650063856955,0.3748403575989783
2015-04-13,0.000958706043775237,0.07477650063856955,0.3748403575989783
2015-04-14,-0.0026340237676392153,0.07477650063856955,0.3748403575989783
2015-04-15,0.014645769177912715,0.07477650063856955,0.3748403575989783
2015-04-16,-0.0023662765475446212,0.07477650063856955,0.3748403575989783
2015-04-17,-0.012808371152028708,0.07901180982759919,0.38956517240069877
2015-04-20,0.03099475676390573,0.05323457792207791,0.3252015692640693
2015-04-21,-0.006292250261598631,0.0,0.05555555555555555
2015-04-22,0.008208308571517442,0.08459480826502101,0.358391283657241
2015-04-23,0.008141382687193,0.08459480826502101,0.358391283657241
2015-04-24,0.10452235364074669,0.12210219918374415,0.4252863475342013
2015-04-27,0.0033423734538400307,0.21071055381400214,0.4868512713340299
2015-04-28,0.02352698940776632,0.07168321874204227,0.3707181054239877
2015-04-29,-0.0020341291558668706,0.07168321874204227,0.3707181054239877
2015-04-30,-0.008560983933778132,0.0835265924551639,0.42811167529212646
2015-05-01,0.000411188123204953,0.07401840990550669,0.39590984732113754
2015-05-04,-0.008631293123559147,0.07401840990550669,0.39590984732113754
2015-05-05,-0.013267058616237004,0.07401840990550669,0.39590984732113754
2015-05-06,-0.02773109137604235,-0.08124999999999999,0.3500000000000001
2015-05-07,0.00907523553141698,0.13133755465098748,0.43394544593052065
2015-05-08,0.022483927981263863,0.13133755465098748,0.43394544593052065
2015-05-11,-0.007958124676366585,0.0,0.5
2015-05-12,-0.0004222344273762113,0.0,0.5
2015-05-13,0.00591346725703068,0.1745551497113997,0.4919728535353535
2015-05-14,0.022884754607393587,0.1733002776209296,0.48091379634858
2015-05-15,-0.008620749725138044,0.1733002776209296,0.48091379634858
2015-05-18,-0.006004154403443485,0.1733002776209296,0.48091379634858
2015-05-19,-0.0025156438548391558,0.1733002776209296,0.48091379634858
2015-05-20,0.0,0.1733002776209296,0.48091379634858
2015-05-21,-0.003362849178584204,0.0784126984126984,0.3637301587301586
2015-05-22,-0.010965756247008906,0.1061069198206128,0.4370176872459032
2015-05-26,-0.006609827917866018,0.1373849607182941,0.5078852012185344
2015-05-27,0.021893103652564028,0.04076783323771276,0.36737903996940136
2015-05-28,-0.0033606202952080055,0.04076783323771276,0.36737903996940136
2015-05-29,-0.012434150803906197,0.04076783323771276,0.36737903996940136
2015-06-01,0.007895828295347851,0.138786449399657,0.42662235563178924
2015-06-02,-0.006563644814516767,0.08784418529316487,0.40795270489148033
2015-06-03,-0.0014919042438856778,0.1545454545454545,0.33636363636363636
2015-06-04,-0.010458866358686203,0.03981742894786374,0.38864577451533977
2015-06-05,-0.0047454896891202525,0.2935185185185185,0.5537037037037038
2015-06-08,-0.008885985173966326,0.2935185185185185,0.5537037037037038
2015-06-09,-0.0017493662610286176,0.03315089672232529,0.45066171923314774
2015-06-10,0.02102955001616591,0.03315089672232529,0.45066171923314774
2015-06-11,-0.003647322379088158,0.11824280067758326,0.4280577827969132
2015-06-12,-0.010120542421158785,0.11824280067758326,0.4280577827969132
2015-06-15,-0.010659147341585462,0.11824280067758326,0.4280577827969132
2015-06-16,0.007695729372412696,0.11824280067758326,0.4280577827969132
2015-06-17,0.0030547509673191087,0.13283625465443644,0.3903632730905458
2015-06-18,0.016315001909856353,0.11475544922913346,0.3586411103516366
2015-06-19,-0.013270610168615082,0.09453860640301319,0.3950094161958568
2015-06-22,0.002819975513525419,0.09453860640301319,0.3950094161958568
2015-06-23,-0.006921897430417601,0.09453860640301319,0.3950094161958568
2015-06-24,-0.005881096833982635,0.09453860640301319,0.3950094161958568
2015-06-25,0.00021916224388784933,0.09453860640301319,0.3950094161958568
2015-06-26,-0.008543343610981191,0.09453860640301319,0.3950094161958568
2015-06-29,-0.019664138035054846,0.09453860640301319,0.3950094161958568
2015-06-30,-0.004958254805361828,0.029758616672679164,0.3440359698172197
2015-07-01,0.006795003713934156,0.08100638581981864,0.38484966111831814
2015-07-02,-0.0011248414995532752,0.08100638581981864,0.38484966111831814
2015-07-06,-0.00022528297856516666,0.08100638581981864,0.38484966111831814
2015-07-07,-0.002027484533997259,0.08100638581981864,0.38484966111831814
2015-07-08,-0.0013543472128955125,0.08100638581981864,0.38484966111831814
2015-07-09,0.0063291031342418425,0.012157120657120659,0.3270894660894664
2015-07-10,0.002021564119209618,0.012157120657120659,0.3270894660894664
2015-07-13,0.020847335986276416,0.012157120657120659,0.3270894660894664
2015-07-14,0.0017566648710751753,0.012157120657120659,0.3270894660894664
2015-07-15,0.003068812901583229,0.012157120657120659,0.3270894660894664
2015-07-16,0.019667863713187517,0.012157120657120659,0.3270894660894664
2015-07-17,-0.0008572831351145727,0.047451671891327055,0.3507392894461859
2015-07-20,0.006434994202919597,0.047451671891327055,0.3507392894461859
2015-07-21,0.007672637639865032,0.013544726222031183,0.36615130666549145
2015-07-22,-0.03680198741162721,-0.003249351577325859,0.4006164539283516
2015-07-23,0.012516458598030633,0.1384392800182274,0.4993255866940075
2015-07-24,-0.003686872645201178,0.1259062095912745,0.44347662618766487
2015-07-27,-0.012842826379464434,0.1259062095912745,0.44347662618766487
2015-07-28,-0.00022047133005387298,0.1259062095912745,0.44347662618766487
2015-07-29,0.02095281436822516,0.1259062095912745,0.44347662618766487
2015-07-30,0.012745720626437862,0.08823173095561158,0.39985381533889
2015-07-31,-0.0038395919402933743,0.01948051948051948,0.19886363636363638
2015-08-03,0.0023554812452097895,0.01948051948051948,0.19886363636363638
2015-08-04,0.015594951687734948,0.01948051948051948,0.19886363636363638
2015-08-05,0.0008414141733745772,0.01948051948051948,0.19886363636363638
2015-08-06,-0.020176610729991773,0.01948051948051948,0.19886363636363638
2015-08-07,0.0025740561002272067,0.01948051948051948,0.19886363636363638
2015-08-10,0.012623030662261003,0.07177156177156176,0.47034965034965026
2015-08-11,-0.019438037469642566,0.07177156177156176,0.47034965034965026
2015-08-12,0.007110577082155789,0.07177156177156176,0.47034965034965026
2015-08-13,-0.00021398195953692412,0.07177156177156176,0.47034965034965026
2015-08-14,0.005777875232487295,0.07177156177156176,0.47034965034965026
2015-08-17,0.006808496052033375,0.07177156177156176,0.47034965034965026
2015-08-18,0.005530757522609786,0.07177156177156176,0.47034965034965026
2015-08-19,-0.013962336758018168,0.07177156177156176,0.47034965034965026
2015-08-20,-0.020381915093676484,0.07177156177156176,0.47034965034965026
2015-08-21,-0.056723615031192054,0.09150596877869605,0.46124885215794303
2015-08-24,-0.03227301581610209,0.1161646224146224,0.3446173039923039
2015-08-25,-0.02903068246792695,0.1161646224146224,0.3446173039923039
2015-08-26,0.05534958539630619,0.1161646224146224,0.3446173039923039
2015-08-27,0.027862374319892025,0.1161646224146224,0.3446173039923039
2015-08-28,0.0006833353687767385,0.1161646224146224,0.3446173039923039
2015-08-31,-0.009333013222572073,0.07414600550964189,0.3471280991735537
2015-09-01,-0.039062527274260295,0.02393939393939393,0.29342384887839434
2015-09-02,0.03682451733272929,0.02393939393939393,0.29342384887839434
2015-09-03,0.003228756583116832,0.02393939393939393,0.29342384887839434
2015-09-04,-0.020459747875104406,0.02393939393939393,0.29342384887839434
2015-09-08,0.030039880964490395,0.02393939393939393,0.29342384887839434
2015-09-09,-0.01868308550073483,0.05767988324806506,0.36464482487209754
2015-09-10,0.005108009572887928,0.12222222222222223,0.3888888888888889
2015-09-11,0.0043889659570339745,0.12222222222222223,0.3888888888888889
2015-09-14,-0.01011956619633081,0.18236914600550966,0.48870523415977946
2015-09-15,0.021840112903237507,0.06634875541125543,0.34573898323898317
2015-09-16,0.007276030945752021,0.06634875541125543,0.34573898323898317
2015-09-17,-0.0011286558694497684,0.043557513914656766,0.30393320964749526
2015-09-18,-0.017401132903747785,0.20600649350649355,0.408116883116883
2015-09-21,0.014489449041213076,0.20600649350649355,0.408116883116883
2015-09-22,-0.004760810886655253,0.20600649350649355,0.408116883116883
2015-09-23,-0.0006834301875744409,0.019774669774669778,0.3638500388500389
2015-09-24,0.0009118080963121944,0.19795321637426905,0.38099415204678366
2015-09-25,0.0006831797713378052,0.19795321637426905,0.38099415204678366
2015-09-28,-0.014792833193638444,0.19795321637426905,0.38099415204678366
2015-09-29,0.003464941494075946,0.09215780688238316,0.3484238572162299
2015-09-30,0.018876602373992357,-0.15,0.3
2015-10-01,0.007907872503563285,-0.15,0.3
2015-10-02,0.021519827306157202,-0.15,0.3
2015-10-05,0.023260950990436013,0.08472222222222223,0.3373931623931624
2015-10-06,0.002573426844350468,0.14017328456983624,0.4009607569952398
2015-10-07,0.0010694847677108488,0.12019841269841267,0.3323730158730159
2015-10-08,0.013888937684159774,0.12019841269841267,0.3323730158730159
2015-10-09,-0.007165455383546071,0.12019841269841267,0.3323730158730159
2015-10-12,-0.00233497056287002,0.12019841269841267,0.3323730158730159
2015-10-13,-0.0023404354106582037,0.12019841269841267,0.3323730158730159
2015-10-14,-0.004478553525682161,0.08516714766714768,0.3087902837902838
2015-10-15,0.007069371676130531,0.08516714766714768,0.3087902837902838
2015-10-16,0.010636029824138138,0.08516714766714768,0.3087902837902838
2015-10-19,0.0023153119031016356,0.054575517075517076,0.45925925925925926
2015-10-20,0.003149990119199142,0.054575517075517076,0.45925925925925926
2015-10-21,-0.01193217952899972,0.16519554519554513,0.5360631960631965
2015-10-22,0.01758470338690077,0.16519554519554513,0.5360631960631965
2015-10-23,0.10077036773766412,0.1268763994626065,0.4190498426382047
2015-10-26,0.026101765613659067,0.05441491399456002,0.31188701171002053
2015-10-27,-0.010322594580128075,0.04545454545454545,0.5126262626262627
2015-10-28,0.005401385304264705,0.04545454545454545,0.5126262626262627
2015-10-29,-0.011485710422366235,0.04545454545454545,0.5126262626262627
2015-10-30,-0.013493285272681121,0.0,0.25
2015-11-02,0.01139822996533324,0.0,0.25
2015-11-03,0.017092412139042112,0.04019997821884615,0.3558487843393503
2015-11-04,0.004616793033352273,0.11767006802721089,0.4718367346938778
2015-11-05,-0.00036764686190382534,0.11767006802721089,0.4718367346938778
2015-11-06,0.009930058638267791,0.11767006802721089,0.4718367346938778
2015-11-09,-0.013838265817753492,0.11767006802721089,0.4718367346938778
2015-11-10,-0.012001518914016795,0.11767006802721089,0.4718367346938778
2015-11-11,0.002616390491574583,0.08828846759881247,0.27429550015756915
2015-11-12,-0.006151004378916136,0.1547774621212123,0.4344839015151516
2015-11-13,-0.009002245994564895,0.1547774621212123,0.4344839015151516
2015-11-16,0.017600303635783243,0.1547774621212123,0.4344839015151516
2015-11-17,-0.008238116173025278,0.1547774621212123,0.4344839015151516
2015-11-18,0.01661311244988317,0.1547774621212123,0.4344839015151516
2015-11-19,0.001671319137418914,0.1547774621212123,0.4344839015151516
2015-11-20,0.004634781366912977,0.1547774621212123,0.4344839015151516
2015-11-23,0.0,0.1547774621212123,0.4344839015151516
2015-11-24,0.0011072410036596647,0.1547774621212123,0.4344839015151516
2015-11-25,-0.01032260992656131,0.1547774621212123,0.4344839015151516
2015-11-27,0.004470132729157861,0.1547774621212123,0.4344839015151516
2015-11-30,0.00778784257586107,0.018710317460317462,0.46492063492063485
2015-12-01,0.016007416856345325,0.018710317460317462,0.46492063492063485
2015-12-02,-0.00018112607179521234,0.018710317460317462,0.46492063492063485
2015-12-03,-0.018293770886584015,0.018710317460317462,0.46492063492063485
2015-12-04,0.03154981111032895,0.16303030303030305,0.4581818181818182
2015-12-07,-0.0017885747232545546,0.16303030303030305,0.4581818181818182
2015-12-08,-0.0003583670036689801,0.16303030303030305,0.4581818181818182
2015-12-09,-0.014518742565582166,0.16303030303030305,0.4581818181818182
2015-12-10,0.005274663996448936,0.0785070785070785,0.2857142857142857
2015-12-11,-0.02189251955195204,0.18549696969696972,0.4657454545454545
2015-12-14,0.0199777671287813,0.18549696969696972,0.4657454545454545
2015-12-15,0.001088164474034814,0.18549696969696972,0.4657454545454545
2015-12-16,0.01684783183702554,0.18549696969696972,0.4657454545454545
2015-12-17,-0.007660789632916498,0.18549696969696972,0.4657454545454545
2015-12-18,-0.028186707502223296,0.18549696969696972,0.4657454545454545
2015-12-21,0.012931843266212217,0.18549696969696972,0.4657454545454545
2015-12-22,0.009483795527107208,0.08045065116194826,0.3368960072934971
2015-12-23,0.008491437550222969,0.08045065116194826,0.3368960072934971
2015-12-24,-0.0026872433106821525,0.08045065116194826,0.3368960072934971
2015-12-28,0.005029699836935686,0.08045065116194826,0.3368960072934971
2015-12-29,0.010723831416356244,0.08045065116194826,0.3368960072934971
2015-12-30,-0.0042440021283164375,0.08045065116194826,0.3368960072934971
2015-12-31,-0.014739870970347457,0.08045065116194826,0.3368960072934971
2016-01-04,-0.012256673449048794,0.2033333333333333,0.4966666666666667
2016-01-05,0.0045620457231829725,0.11718073593073595,0.3342532467532467
2016-01-06,-0.018165293132311966,-0.09347826086956522,0.3717391304347826
2016-01-07,-0.03478262981554503,-0.09347826086956522,0.3717391304347826
2016-01-08,0.0030669677496233394,-0.09347826086956522,0.3717391304347826
2016-01-11,-0.0005733475483071793,-0.09347826086956522,0.3717391304347826
2016-01-12,0.00917781545322649,-0.09347826086956522,0.3717391304347826
2016-01-13,-0.02159908178535619,-0.09347826086956522,0.3717391304347826
2016-01-14,0.02846633392423681,-0.09347826086956522,0.3717391304347826
2016-01-15,-0.039917122746458866,-0.09347826086956522,0.3717391304347826
2016-01-19,-0.008433048573970647,0.07074436862572456,0.39081187174407506
2016-01-20,0.004549043374662887,0.07074436862572456,0.39081187174407506
2016-01-21,-0.006103592933106472,0.07074436862572456,0.39081187174407506
2016-01-22,0.03585582650576935,0.07074436862572456,0.39081187174407506
2016-01-25,-0.009562061368945107,0.07074436862572456,0.39081187174407506
2016-01-26,0.0073372739163304335,0.07074436862572456,0.39081187174407506
2016-01-27,-0.018209655396674962,0.1548611111111111,0.6256944444444444
2016-01-28,0.01639985983915815,0.1548611111111111,0.6256944444444444
2016-01-29,0.058202039727240695,0.10385278972235504,0.41429765886287645
2016-02-01,-0.00689781313413429,0.1302208208458209,0.38101689976689984
2016-02-02,-0.031255708230152335,-0.03882575757575757,0.240719696969697
2016-02-03,-0.01584905295336514,-0.07491961872243566,0.4340798833404465
2016-02-04,-0.0030674763952471817,-0.07491961872243566,0.4340798833404465
2016-02-05,-0.035384619115610194,-0.07491961872243566,0.4340798833404465
2016-02-08,-0.01495215911233383,-0.07491961872243566,0.4340798833404465
2016-02-09,-0.002631054950400391,0.09177808156755524,0.4103174982911824
2016-02-10,0.00872565214283294,0.09177808156755524,0.4103174982911824
2016-02-11,-0.00040234285017271,0.09177808156755524,0.4103174982911824
2016-02-12,0.016301080160278758,0.09177808156755524,0.4103174982911824
2016-02-16,0.01894694952383058,0.09177808156755524,0.4103174982911824
2016-02-17,0.026032452826292296,0.09177808156755524,0.4103174982911824
2016-02-18,-0.004387620146844351,0.09177808156755524,0.4103174982911824
2016-02-19,-0.007089456402774141,0.09177808156755524,0.4103174982911824
2016-02-22,0.016017019077976702,0.09177808156755524,0.4103174982911824
2016-02-23,-0.027920261008147707,0.09177808156755524,0.4103174982911824
2016-02-24,0.0035170137555728953,0.09177808156755524,0.4103174982911824
2016-02-25,0.014408049615546092,0.09177808156755524,0.4103174982911824
2016-02-26,-0.015355068904448044,0.2124289772727273,0.45471117424242424
2016-02-29,-0.008187096035525698,0.2124289772727273,0.45471117424242424
2016-03-01,0.03341196525779777,0.2124289772727273,0.45471117424242424
2016-03-02,0.007036871546239665,0.2124289772727273,0.45471117424242424
2016-03-03,-0.011331499172805626,0.2124289772727273,0.45471117424242424
2016-03-04,-0.006112692134312314,0.2124289772727273,0.45471117424242424
2016-03-07,-0.01921966889376292,0.2124289772727273,0.45471117424242424
2016-03-08,0.012149763186672491,0.345021645021645,0.6200387331966278
2016-03-09,0.023039657118331558,0.345021645021645,0.6200387331966278
2016-03-10,-0.014950810904491685,0.345021645021645,0.6200387331966278
2016-03-11,0.019596559651899437,0.10565618591934381,0.3869930508088403
2016-03-14,0.0018842773746181596,0.005685425685425683,0.4460678210678209
2016-03-15,0.007899212169216296,0.005685425685425683,0.4460678210678209
2016-03-16,0.0141817319188966,0.005685425685425683,0.4460678210678209
2016-03-17,0.005703794116328487,0.005685425685425683,0.4460678210678209
2016-03-18,-0.021405008927742775,0.005685425685425683,0.4460678210678209
2016-03-21,0.006917156594431262,0.005685425685425683,0.4460678210678209
2016-03-22,0.003898969440888189,0.005685425685425683,0.4460678210678209
2016-03-23,-0.0018494285460156634,0.005685425685425683,0.4460678210678209
2016-03-24,0.004446883072464214,0.005685425685425683,0.4460678210678209
2016-03-28,-0.01235929925627377,0.012193362193362197,0.4062937062937063
2016-03-29,0.021852778388944838,0.14829851917230566,0.377881975090713
2016-03-30,0.006214585392007255,0.14829851917230566,0.377881975090713
2016-03-31,0.0032697687075073922,0.14829851917230566,0.377881975090713
2016-04-01,0.006156073914139526,-0.012131449631449633,0.3846744471744471
2016-04-04,-0.0025193392605610265,-0.012131449631449633,0.3846744471744471
2016-04-05,-0.015695451974948593,0.07855233002291827,0.3470091673032851
2016-04-06,0.010263887281375617,0.07855233002291827,0.3470091673032851
2016-04-07,-0.01197388281563938,0.07855233002291827,0.3470091673032851
2016-04-08,-0.0007344850699960714,0.07855233002291827,0.3470091673032851
2016-04-11,-0.002021257279434363,0.07855233002291827,0.3470091673032851
2016-04-12,0.0062603563074308255,0.07855233002291827,0.3470091673032851
2016-04-13,0.012808716157277855,0.07855233002291827,0.3470091673032851
2016-04-14,0.00018071045166312416,0.07855233002291827,0.3470091673032851
2016-04-15,0.005238451224548024,0.10389230652388542,0.4158008658008659
2016-04-18,0.014555225414095263,0.1767526455026455,0.48660714285714274
2016-04-19,-0.001239813001022383,0.1767526455026455,0.48660714285714274
2016-04-20,-0.014186896119203207,0.1659705159705159,0.49668304668304636
2016-04-21,0.003417844122757696,0.14335153482880758,0.4726461038961039
2016-04-22,-0.07171028228595977,-0.0095999515983842,0.3940670023115168
2016-04-25,0.0063731508408231274,0.055895575473040256,0.3217292644757433
2016-04-26,-0.012857449562735268,0.11790963203463205,0.4556571067821068
2016-04-27,-0.009720066001647654,0.11790963203463205,0.4556571067821068
2016-04-28,-0.020416124302986116,-0.06666666666666667,0.55
2016-04-29,-0.0006012597867196545,-0.06666666666666667,0.55
2016-05-02,0.014838611745486174,-0.06666666666666667,0.55
2016-05-03,-0.01639993875860435,-0.06666666666666667,0.55
2016-05-04,0.0018079420927441525,-0.06666666666666667,0.55
2016-05-05,0.0014036463441768898,-0.06666666666666667,0.55
2016-05-06,0.009010830983124718,-0.06666666666666667,0.55
2016-05-09,-0.006350454952084528,-0.051851851851851864,0.262962962962963
2016-05-10,0.018973438109026297,0.043259259259259254,0.5072962962962964
2016-05-11,0.0005880004971783315,0.175,0.7749999999999999
2016-05-12,0.009010736126942476,-0.10897435897435896,0.2435897435897436
2016-05-13,-0.008347820951686402,-0.10897435897435896,0.2435897435897436
2016-05-16,0.014682845376224885,-0.10897435897435896,0.2435897435897436
2016-05-17,-0.01865169642412856,-0.22916666666666666,0.6041666666666666
2016-05-18,0.005939486127912064,-0.06842105263157895,0.31578947368421056
2016-05-19,-0.009643800744342568,0.0,0.25
2016-05-20,0.005961831405679963,0.0,0.25
2016-05-23,-0.011655484869213528,0.02500000000000001,0.5
2016-05-24,0.031181322903868658,-0.03888888888888888,0.38888888888888884
2016-05-25,0.010273288003134207,0.03168368467281512,0.33938844971453674
2016-05-26,-0.004412885226735885,0.042320936639118456,0.3288223140495868
2016-05-27,0.008286757139039702,0.131281328320802,0.39082080200501257
2016-05-31,0.012996954405849692,-0.05500000000000001,0.46749999999999997
2016-06-01,-0.002830221061263627,0.08668981481481484,0.37606481481481496
2016-06-02,-0.007000929982311721,0.03523664113664116,0.4527435453435457
2016-06-03,-0.013147822298836154,0.03523664113664116,0.4527435453435457
2016-06-06,0.006564970148635885,0.03523664113664116,0.4527435453435457
2016-06-07,-0.0005755300377880967,0.03523664113664116,0.4527435453435457
2016-06-08,-0.0011515859938316941,0.03523664113664116,0.4527435453435457
2016-06-09,-0.008070767814968183,0.03523664113664116,0.4527435453435457
2016-06-10,-0.0027120989624210834,0.03523664113664116,0.4527435453435457
2016-06-13,-0.026029526921718116,0.03523664113664116,0.4527435453435457
2016-06-14,-0.006182657593313268,0.04476852603415106,0.45410446729196746
2016-06-15,-0.002809604996155013,0.016310160427807485,0.4073083778966133
2016-06-16,0.014087359460574378,0.038418972332015806,0.3784980237154149
2016-06-17,-0.005159732084206281,-0.023065476190476192,0.5516369047619047
2016-06-20,-0.0011969017663490122,-0.023065476190476192,0.5516369047619047
2016-06-21,0.022368654759487905,-0.023065476190476192,0.5516369047619047
2016-06-22,-0.003906958345873068,-0.023065476190476192,0.5516369047619047
2016-06-23,0.0180427195502324,-0.023065476190476192,0.5516369047619047
2016-06-24,-0.04006931860909102,-0.023065476190476192,0.5516369047619047
2016-06-27,-0.028095538637125772,-0.023065476190476192,0.5516369047619047
2016-06-28,0.020854806773707102,-0.023065476190476192,0.5516369047619047
2016-06-29,0.022249239805786747,-0.023065476190476192,0.5516369047619047
2016-06-30,0.012465314581485698,-0.023065476190476192,0.5516369047619047
2016-07-01,-0.0001953894152872948,-0.023065476190476192,0.5516369047619047
2016-07-05,0.00019542759977175805,-0.023065476190476192,0.5516369047619047
2016-07-06,0.004104014250640331,0.15333333333333332,0.42666666666666664
2016-07-07,0.0,0.15333333333333332,0.42666666666666664
2016-07-08,0.017905766473570006,0.07386363636363635,0.39204545454545453
2016-07-11,0.005544957640254422,0.07386363636363635,0.39204545454545453
2016-07-12,0.011789293319523164,0.08131430258053635,0.3670201551695057
2016-07-13,0.005638025925541523,0.08131430258053635,0.3670201551695057
2016-07-14,0.004298311290638068,0.08131430258053635,0.3670201551695057
2016-07-15,-0.0007443330233335432,0.03735770402437069,0.3992464325797659
2016-07-18,0.004841673644925493,0.06818181818181818,0.4772727272727273
2016-07-19,-0.016123031197784687,0.08803661616161616,0.45690386002885974
2016-07-20,0.0531173413332342,0.0446411967355676,0.360263395544853
2016-07-21,-0.0019674519777002075,0.15,0.43000000000000005
2016-07-22,0.013799295065474837,0.15,0.43000000000000005
2016-07-25,0.0028283505761708128,0.175,0.625
2016-07-26,0.0005287908509301609,0.12170087976539587,0.34545454545454546
2016-07-27,-0.010042272830200316,0.12170087976539587,0.34545454545454546
2016-07-28,0.0003559392999430422,0.12170087976539587,0.34545454545454546
2016-07-29,0.008361524801541842,-0.12857142857142856,0.4714285714285715
2016-08-01,-0.0017642569881062276,0.08918883705291471,0.41409994536208133
2016-08-02,0.0,0.0,0.5
2016-08-03,0.00689288354531592,0.175,0.30833333333333335
2016-08-04,0.007372260128147623,0.175,0.30833333333333335
2016-08-05,0.009932033364409287,0.175,0.30833333333333335
2016-08-08,0.0017253827609429173,0.175,0.30833333333333335
2016-08-09,0.0024112735080517034,-0.09999999999999999,0.525
2016-08-10,-0.003092783848164249,-0.185,0.55
2016-08-11,0.0048259070186074116,-0.185,0.55
2016-08-12,-0.006174975379482084,-0.06666666666666667,0.19166666666666668
2016-08-15,0.003106680103646786,-0.06666666666666667,0.19166666666666668
2016-08-16,-0.005540177668734159,-0.10510204081632653,0.6775510204081633
2016-08-17,0.0020891805122036367,-0.10510204081632653,0.6775510204081633
2016-08-18,0.0006948712592138584,-0.10510204081632653,0.6775510204081633
2016-08-19,0.00034723833511240976,-0.10510204081632653,0.6775510204081633
2016-08-22,0.0008677329823680857,-0.10510204081632653,0.6775510204081633
2016-08-23,0.003814827371720231,0.13636363636363635,0.45454545454545453
2016-08-24,0.001036479022672454,0.5,0.75
2016-08-25,0.0037963249734156435,0.5,0.75
2016-08-26,-0.0024067286856108705,0.5,0.75
2016-08-29,0.001206267501403513,0.5,0.75
2016-08-30,-0.0036144425196634744,0.5,0.75
2016-08-31,-0.007427883875157804,0.100518341307815,0.25530967570441254
2016-09-01,0.0022624690821069215,0.100518341307815,0.25530967570441254
2016-09-02,0.0013890889456962263,0.100518341307815,0.25530967570441254
2016-09-06,-0.0010403627591580866,0.100518341307815,0.25530967570441254
2016-09-07,0.0008679011697123595,0.100518341307815,0.25530967570441254
2016-09-08,-0.0039889009901478145,0.19433124346917452,0.44020376175548587
2016-09-09,-0.021243267807426247,0.10530303030303031,0.5189393939393939
2016-09-12,0.01494395065738452,0.10530303030303031,0.5189393939393939
2016-09-13,-0.009114808400796814,0.10530303030303031,0.5189393939393939
2016-09-14,-0.004776240566014334,0.10530303030303031,0.5189393939393939
2016-09-15,0.01653039667331435,0.024242424242424242,0.3353832442067737
2016-09-16,0.0010491654441457943,0.024242424242424242,0.3353832442067737
2016-09-19,-0.00558951351026582,0.024242424242424242,0.3353832442067737
2016-09-20,-0.0021078249561102824,0.024242424242424242,0.3353832442067737
2016-09-21,0.016722354003442463,0.2142857142857143,0.6071428571428571
2016-09-22,0.0010387942908838266,0.2142857142857143,0.6071428571428571
2016-09-23,-0.006745059715153379,0.12090909090909094,0.40169696969696955
2016-09-26,-0.009228604402108043,0.12090909090909094,0.40169696969696955
2016-09-27,0.01845341910320819,0.1323015873015873,0.4224603174603174
2016-09-28,0.0013804595635913408,0.07362500887091047,0.47033212688950393
2016-09-29,-0.01085640751263206,0.07362500887091047,0.47033212688950393
2016-09-30,0.003484270325861516,0.10937500000000003,0.44002976190476184
2016-10-03,-0.003125004341138382,0.05,0.4
2016-10-04,-0.0031347300487137852,0.08441558441558442,0.37662337662337664
2016-10-05,0.006988072452685845,0.0,0.5
2016-10-06,0.0017349516539035825,0.07464630066902793,0.4508087367178276
2016-10-07,0.0010391014274102606,0.022779308233853695,0.44073461891643695
2016-10-10,0.004152266500810242,0.022779308233853695,0.44073461891643695
2016-10-11,-0.014645114455077768,0.1340909090909091,0.3386363636363636
2016-10-12,-0.0013988046102214602,0.1340909090909091,0.3386363636363636
2016-10-13,-0.003326951960792801,0.025925925925925925,0.34259259259259256
2016-10-14,0.00878425699544505,0.025925925925925925,0.34259259259259256
2016-10-17,-0.0034830569067695327,0.16746225005153575,0.4549667594310449
2016-10-18,0.00768960377563821,0.16746225005153575,0.4549667594310449
2016-10-19,-0.0022546214153006394,0.16746225005153575,0.4549667594310449
2016-10-20,-0.004867005248803458,0.0863023940189295,0.40559094885866537
2016-10-21,0.042096067300971596,0.06734487734487742,0.45296413987903345
2016-10-24,0.0224606162763461,0.12118977384464107,0.335889872173058
2016-10-25,-0.00016391712242680434,0.10577777777777779,0.4672222222222222
2016-10-26,-0.00590261490839139,0.12036997885835098,0.5046634954193092
2016-10-27,-0.008741576526862582,0.12608225108225107,0.36948051948051946
2016-10-28,-0.0038269556749614964,0.12608225108225107,0.36948051948051946
2016-10-31,0.0008351223454912127,0.12608225108225107,0.36948051948051946
2016-11-01,-0.002002644860401026,0.12608225108225107,0.36948051948051946
2016-11-02,-0.006187264665881598,0.12608225108225107,0.36948051948051946
2016-11-03,-0.0037018693836216032,-0.1125,0.475
2016-11-04,-0.008444517894735992,0.0,0.5
2016-11-07,0.029126210744831793,0.0,0.5
2016-11-08,0.0008275873306384796,0.0,0.5
2016-11-09,-0.004961183480291065,0.0,0.5
2016-11-10,-0.024430743156261925,0.0,0.5
2016-11-11,0.00545144196788816,-0.015789473684210523,0.25263157894736843
2016-11-14,-0.015249088757221863,-0.015789473684210523,0.25263157894736843
2016-11-15,0.019747091951290985,0.06587615283267455,0.4418093983311374
2016-11-16,0.013249571692849349,0.16699999999999998,0.30033333333333334
2016-11-17,0.016596792689668183,0.09476190476190474,0.41333333333333333
2016-11-18,-0.004782347319355007,0.09476190476190474,0.41333333333333333
2016-11-21,0.008450741886514068,0.09476190476190474,0.41333333333333333
2016-11-22,0.004272079236596005,0.09333333333333335,0.24888888888888883
2016-11-23,-0.01178006696504863,0.09333333333333335,0.24888888888888883
2016-11-25,0.0021522741184447636,0.125,0.325
2016-11-28,0.0013216932359640943,0.125,0.325
2016-11-29,0.007919476226043054,0.125,0.325
2016-11-30,-0.013586553669275747,0.09841269841269842,0.280952380952381
2016-12-01,-0.017590400754309843,0.09841269841269842,0.280952380952381
2016-12-02,0.0008445826670080425,0.09841269841269842,0.280952380952381
2016-12-05,0.016371328315450073,0.09841269841269842,0.280952380952381
2016-12-06,-0.004483560409366372,0.09256565656565656,0.46584848484848485
2016-12-07,0.02368636935861579,0.18794765840220387,0.40048209366391185
2016-12-08,-0.005866064176690444,0.18794765840220387,0.40048209366391185
2016-12-09,0.01573517413258707,0.18794765840220387,0.40048209366391185
2016-12-12,0.0032273224555419144,0.18794765840220387,0.40048209366391185
2016-12-13,0.013028809086713888,0.18794765840220387,0.40048209366391185
2016-12-14,-0.004763397675966674,0.0,0.10000000000000002
2016-12-15,-0.001595382693218128,0.0,0.10000000000000002
2016-12-16,-0.004474325367836096,0.0,0.10000000000000002
2016-12-19,0.02118780585693414,0.0,0.10000000000000002
2016-12-20,-0.001257435821173658,0.0,0.10000000000000002
2016-12-21,0.0,,
2016-12-22,0.0001573536192940317,,
2016-12-23,-0.004878017967880788,,
2016-12-27,0.0006324639467631954,,
2016-12-28,-0.004582751544448205,,
2016-12-29,-0.001428803566996928,,
2016-12-30,-0.012082698399679459,,
